"","year","ID","tavg","tmax","tmin","vpd","vpdmx","prcp"
"1",1990,"A_mer_Don",21.6516438356164,28.3806027397261,14.9226849315069,0.579796530084818,1.38763318537021,1072.98
"2",1991,"A_mer_Don",21.2085342465754,27.1336712328767,15.283397260274,0.45450084601136,1.15185027677037,1556.72
"3",1992,"A_mer_Don",20.3268219178083,26.2575890410959,14.3960547945206,0.441430080667967,1.11218402757288,1402.41
"4",1993,"A_mer_Don",20.3263150684932,26.5649863013699,14.0876438356164,0.517714954813783,1.23764076363429,1224.62
"5",1994,"A_mer_Don",21.1289178082192,26.9806301369863,15.2772054794521,0.452701252480464,1.14193188828189,1510.32
"6",1995,"A_mer_Don",20.6584794520548,26.6778630136986,14.639095890411,0.446122310172675,1.13253422870292,1354.92
"7",1996,"A_mer_Don",20.093698630137,26.4518904109589,13.7355068493151,0.490074298792429,1.19946749340504,1397.07
"8",1997,"A_mer_Don",20.8653424657534,26.9158356164383,14.8148493150685,0.479020024268897,1.1841465924055,1501.34
"9",1998,"A_mer_Don",21.8168630136986,27.869205479452,15.7645205479452,0.62321345249959,1.36091404830036,1341.17
"10",1999,"A_mer_Don",20.8784657534247,27.4860547945205,14.2708767123288,0.592538060907282,1.35280999002429,1056.4
"11",2000,"A_mer_Don",20.2444794520548,27.3626027397261,13.1263561643836,0.675824184998206,1.4816921836473,987.69
"12",2001,"A_mer_Don",20.7474931506849,27.3664109589041,14.1285753424658,0.549702896083979,1.30982723947823,1214.43
"13",2002,"A_mer_Don",20.8318082191781,27.2499452054795,14.4136712328767,0.537913384375498,1.27729463046463,1548.19
"14",2003,"A_mer_Don",20.5021369863014,26.692,14.3122739726027,0.466680301250527,1.16385828838999,1376.92
"15",2004,"A_mer_Don",20.4613835616438,26.7992054794521,14.1235616438356,0.525369415915205,1.24448679170819,1528.97
"16",2005,"A_mer_Don",20.3805616438356,26.4279178082192,14.3332054794521,0.447748549548793,1.12935304102493,1416.52
"17",2006,"A_mer_Don",20.9278082191781,27.7131506849315,14.1424657534247,0.603149463778399,1.39555755054929,932.77
"18",2007,"A_mer_Don",20.9361095890411,27.3946575342466,14.4775616438356,0.591442142494482,1.34404175376048,1158.42
"19",2008,"A_mer_Don",20.4645342465754,26.9486301369863,13.9804383561644,0.523422821406547,1.25147552818704,1249.27
"20",2009,"A_mer_Don",20.7442328767123,26.9627945205479,14.5256712328767,0.471897012294699,1.18538173504238,1436.25
"21",2010,"A_mer_Don",19.687397260274,26.3918082191781,12.9829863013699,0.531875371464556,1.27440483750523,1122.97
"22",2011,"A_mer_Don",21.1258904109589,28.0258082191781,14.2259726027397,0.619824497961059,1.44262292056266,1062.28
"23",2012,"A_mer_Don",21.1968219178082,27.5710684931507,14.8225753424658,0.533819897384543,1.27509207202139,1532.4
"24",2013,"A_mer_Don",21.0281506849315,27.125698630137,14.930602739726,0.469481524817329,1.17307444395727,1381.52
"25",2014,"A_mer_Don",20.2732191780822,26.4499452054795,14.0964931506849,0.474073460955826,1.17423260297849,1561.08
"26",2015,"A_mer_Don",22.1532465753425,27.8484931506849,16.458,0.43322002683877,1.13286793654362,1441.69
"27",2016,"A_mer_Don",21.6550684931507,27.9022191780822,15.4079178082192,0.505901640227605,1.25778383073597,1150.8
"28",2017,"A_mer_Don",21.8285479452055,28.0233698630137,15.6337260273973,0.565131295373164,1.30863621354378,1830.46
"29",2018,"A_mer_Don",21.4261917808219,27.2176164383562,15.6347671232877,0.419296416974493,1.10395055962307,1647.58
"30",2019,"A_mer_Don",22.0490547945205,27.9975890410959,16.1005205479452,0.476546254502905,1.20776458973242,1307.02
"31",2020,"A_mer_Don",21.837602739726,27.7226301369863,15.9525753424657,0.48502584244176,1.18890797139612,1199.8
"32",2021,"A_mer_Don",21.1875479452055,27.1726301369863,15.2024657534247,0.454475934577757,1.1507122861667,1624.64
"33",2022,"A_mer_Don",21.4698082191781,27.6236986301369,15.3159178082192,0.486230753773215,1.22368287746643,1517.27
"34",2023,"A_mer_Don",21.9910684931507,28.1255890410959,15.8565479452055,0.484667788706379,1.23161684302467,1662.4
"35",2000,"A_mer_Miz",20.1835890410959,27.3116712328767,13.0555068493151,0.672856019751827,1.47769684857212,997.35
"36",2001,"A_mer_Miz",20.6992465753425,27.3333150684931,14.0651780821918,0.550227277722372,1.31036967454138,1230.89
"37",2002,"A_mer_Miz",20.7868904109589,27.2196164383562,14.3541643835616,0.534286618060596,1.27383799021295,1549.53
"38",2003,"A_mer_Miz",20.4665753424657,26.6587671232877,14.2743835616438,0.466724572536891,1.16312840443336,1392.9
"39",2004,"A_mer_Miz",20.4143150684931,26.7549863013699,14.0736438356164,0.524294089418261,1.24230273010036,1541.12
"40",2005,"A_mer_Miz",20.3305479452055,26.3758356164384,14.2852602739726,0.447134749381194,1.12701473408013,1423.18
"41",2006,"A_mer_Miz",20.8939315068493,27.6727945205479,14.1150684931507,0.602554676959983,1.39312672320329,936.36
"42",2007,"A_mer_Miz",20.8930821917808,27.3448767123288,14.4412876712329,0.590437690891106,1.34089007702878,1142.15
"43",2008,"A_mer_Miz",20.4377260273973,26.9157260273973,13.9597260273973,0.521506420910481,1.24802296657124,1277.3
"44",2009,"A_mer_Miz",20.703301369863,26.9126849315068,14.4939178082192,0.470457207711808,1.18160180332141,1449.83
"45",2010,"A_mer_Miz",19.6448904109589,26.345698630137,12.9440821917808,0.53015603945615,1.27098183189336,1123.25
"46",2011,"A_mer_Miz",21.0841506849315,27.9889315068493,14.1793698630137,0.625846614910572,1.44796368476442,1090.95
"47",2012,"A_mer_Miz",21.1658630136986,27.5366849315068,14.7950410958904,0.531656661962293,1.27142457611801,1538.12
"48",2013,"A_mer_Miz",21.0096301369863,27.0965753424658,14.9226849315068,0.466977045015521,1.16885247945716,1373.81
"49",2014,"A_mer_Miz",20.2488493150685,26.4272876712329,14.0704109589041,0.474548547690993,1.17441984980855,1546.58
"50",2015,"A_mer_Miz",22.1163698630137,27.8264383561644,16.406301369863,0.442560902301659,1.14317977158572,1444.27
"51",2016,"A_mer_Miz",21.6269726027397,27.8881643835617,15.3657808219178,0.508036360149485,1.26096178492804,1158.7
"52",2017,"A_mer_Miz",21.8017808219178,28.0046849315068,15.5988767123288,0.525813720992162,1.26967937868868,1867.65
"53",2018,"A_mer_Miz",21.3833835616438,27.1898082191781,15.5769589041096,0.421529235441163,1.10698751144158,1649.09
"54",2019,"A_mer_Miz",22.0042739726028,27.9533150684931,16.0552328767123,0.473601803308891,1.20371560558827,1304.4
"55",2020,"A_mer_Miz",21.7935616438356,27.6788219178082,15.908301369863,0.485320429950689,1.18803470049822,1235.44
"56",2021,"A_mer_Miz",21.1344657534246,27.1308767123288,15.1380547945205,0.45621454865672,1.15239427105996,1638.8
"57",2022,"A_mer_Miz",21.4249452054794,27.5943561643835,15.2555342465753,0.488100347720484,1.22626917056712,1566.41
"58",2023,"A_mer_Miz",21.9516438356164,28.093397260274,15.8098904109589,0.48590004972874,1.23271945099515,1590.45
"59",2012,"DH2_Gai_DH2",21.1013561643836,27.5641643835616,14.6385479452055,0.535327388410375,1.28312891630315,1553.91
"60",2013,"DH2_Gai_DH2",20.9131643835616,27.1155068493151,14.7108219178082,0.480175318984897,1.19198849448144,1306.53
"61",2014,"DH2_Gai_DH2",20.1411917808219,26.4304383561644,13.8519452054795,0.486787061434917,1.19508609287295,1586.66
"62",2015,"DH2_Gai_DH2",22.0223287671233,27.8688219178082,16.1758356164383,0.457993340580686,1.17192577362637,1507.29
"63",2016,"DH2_Gai_DH2",21.5100410958904,27.9221917808219,15.0978904109589,0.524812771864192,1.29021508885424,1137.46
"64",2017,"DH2_Gai_DH2",21.639301369863,28.0249863013699,15.2536164383562,0.582172669024486,1.34283454300176,1776.01
"65",2018,"DH2_Gai_DH2",21.2887123287671,27.2439726027397,15.3334520547945,0.440416490501771,1.13989009794393,1823.94
"66",2019,"DH2_Gai_DH2",21.8288767123288,27.9403287671233,15.7174246575342,0.499924825118236,1.24453272399409,1368.9
"67",2020,"DH2_Gai_DH2",21.6332191780822,27.6568767123288,15.6095616438356,0.48649255652216,1.20003676599168,1291.09
"68",2021,"DH2_Gai_DH2",21.0168082191781,27.0778082191781,14.9558082191781,0.462034311555256,1.16146899007113,1835.8
"69",2022,"DH2_Gai_DH2",21.2567671232877,27.5908219178082,14.9227123287671,0.508840553987536,1.26153100683917,1561.95
"70",2023,"DH2_Gai_DH2",21.8061369863014,28.0904109589041,15.5218630136986,0.507660722611622,1.26742353436786,1507.85
"71",2009,"IMPAC_2_Gain_G",20.5662328767123,26.8464383561644,14.2860273972603,0.478500234699611,1.19307932874141,1397.09
"72",2010,"IMPAC_2_Gain_G",19.5451643835616,26.3256712328767,12.7646575342466,0.531648464592841,1.27712353468663,1125.11
"73",2011,"IMPAC_2_Gain_G",21.0080821917808,27.9973698630137,14.018794520548,0.643072369358484,1.47245459745084,1108.87
"74",2012,"IMPAC_2_Gain_G",21.0974383561644,27.5537260273973,14.6411506849315,0.530183549397254,1.27725156620682,1598.64
"75",2013,"IMPAC_2_Gain_G",20.9315616438356,27.1177808219178,14.7453424657534,0.476763299702598,1.18755910654385,1339.6
"76",2014,"IMPAC_2_Gain_G",20.1393698630137,26.4216164383562,13.8571232876712,0.48665213207819,1.19452282355701,1589.61
"77",2015,"IMPAC_2_Gain_G",22.0153835616438,27.8483561643836,16.1824109589041,0.459676140700525,1.1721555490815,1442.5
"78",2016,"IMPAC_2_Gain_G",21.5147397260274,27.911397260274,15.1180821917808,0.524106280248224,1.28855758731005,1119.07
"79",2017,"IMPAC_2_Gain_G",21.6579178082192,28.0135342465754,15.302301369863,0.591045558771634,1.34894867506628,1834.6
"80",2018,"IMPAC_2_Gain_G",21.2823150684931,27.2186575342466,15.3459726027397,0.438424638036275,1.13591202491036,1725.24
"81",2019,"IMPAC_2_Gain_G",21.8581643835616,27.9560821917808,15.7602465753425,0.499610395741636,1.24377393959067,1302.4
"82",2020,"IMPAC_2_Gain_G",21.6448630136986,27.6389589041096,15.6507671232877,0.484202100252557,1.19508389641243,1295.21
"83",2021,"IMPAC_2_Gain_G",21.0070684931507,27.0630410958904,14.951095890411,0.461222316392284,1.16019313233751,1826.56
"84",2022,"IMPAC_2_Gain_G",21.2630273972603,27.5680273972602,14.9580273972603,0.505814190675352,1.2554229455916,1550.95
"85",2023,"IMPAC_2_Gain_G",21.810397260274,28.0749863013699,15.5458082191781,0.504019659948368,1.2616943298475,1535.14
"86",2002,"LCP_CCLONES1_BFG",17.0263835616438,23.5685205479452,10.4842465753425,0.53226141642677,1.19153429358256,1121.96
"87",2003,"LCP_CCLONES1_BFG",16.4723561643835,22.7556712328767,10.1890410958904,0.446877437535006,1.05013091384542,1398.27
"88",2004,"LCP_CCLONES1_BFG",16.9639452054795,23.4177260273973,10.5101643835616,0.514797950012189,1.15518538670236,1259.75
"89",2005,"LCP_CCLONES1_BFG",16.8464109589041,23.286301369863,10.4065205479452,0.472824722054073,1.10680639993144,1341.56
"90",2006,"LCP_CCLONES1_BFG",17.3767534246575,24.4017534246575,10.3517534246575,0.625266004492476,1.34517072376041,957.95
"91",2007,"LCP_CCLONES1_BFG",17.4160684931507,24.482,10.3501369863014,0.684072341493209,1.41393368890413,848.23
"92",2008,"LCP_CCLONES1_BFG",16.5643287671233,23.4554794520548,9.67317808219178,0.542268780648447,1.22039372993912,1139.65
"93",2009,"LCP_CCLONES1_BFG",16.5640821917808,22.7684657534246,10.359698630137,0.457295761192913,1.06839090248462,1790.95
"94",2010,"LCP_CCLONES1_BFG",16.5352054794521,23.3294246575343,9.74098630136987,0.526136169714985,1.21757077800051,1316.11
"95",2011,"LCP_CCLONES1_BFG",17.5615068493151,24.5686301369863,10.5543835616438,0.626453546745475,1.37513290432533,1033.17
"96",2012,"LCP_CCLONES1_BFG",18.1937123287671,24.8727397260274,11.5146849315068,0.554928380396536,1.26365772918381,1140.38
"97",2013,"LCP_CCLONES1_BFG",16.6647260273973,22.7836712328767,10.5457808219178,0.42915492537915,1.01895105627788,1659.7
"98",2014,"LCP_CCLONES1_BFG",16.7195890410959,23.2609863013699,10.1781917808219,0.495790946452473,1.1502991111399,1360.07
"99",2015,"LCP_CCLONES1_BFG",17.8869589041096,24.0212328767123,11.7526849315069,0.463884406304267,1.10945409642069,1819
"100",2016,"LCP_CCLONES1_BFG",18.342,25.3028493150685,11.3811506849315,0.590565453873947,1.34401622676476,929.35
"101",2017,"LCP_CCLONES1_BFG",18.0203698630137,24.5200821917808,11.5206575342466,0.501233020777224,1.17292766453887,1531.17
"102",2018,"LCP_CCLONES1_BFG",17.6456575342466,23.9680821917808,11.3232328767123,0.471721216888332,1.1266303961787,1918.52
"103",2019,"LCP_CCLONES1_BFG",18.3388904109589,24.913095890411,11.7646849315068,0.548890919508747,1.26443261263133,1291.86
"104",2020,"LCP_CCLONES1_BFG",17.9036438356164,24.2521095890411,11.5551780821918,0.48000269828321,1.1363833661171,1716.07
"105",2021,"LCP_CCLONES1_BFG",17.5160821917808,24.1264109589041,10.9057534246575,0.503512178754976,1.17073317310864,1367.52
"106",2022,"LCP_CCLONES1_BFG",17.6079178082192,24.1931506849315,11.0226849315069,0.504344077400752,1.18087947735823,1333.6
"107",2023,"LCP_CCLONES1_BFG",17.9526301369863,24.4320547945205,11.4732054794521,0.501402282693451,1.17301009096579,1426.61
"108",2002,"LCP_CCLONES1_Cut_E",18.4654794520548,25.0030136986301,11.9279452054794,0.510868183142386,1.20274510177485,1292.34
"109",2003,"LCP_CCLONES1_Cut_E",18.1316575342466,24.3458356164384,11.9174794520548,0.449780223223599,1.0854256970425,1412.27
"110",2004,"LCP_CCLONES1_Cut_E",18.4633561643836,24.7386849315069,12.1880273972603,0.472325246300278,1.13074678423069,1488.86
"111",2005,"LCP_CCLONES1_Cut_E",18.355698630137,24.6601917808219,12.0512054794521,0.461285844822152,1.11370023276282,1562.67
"112",2006,"LCP_CCLONES1_Cut_E",18.8033698630137,25.779698630137,11.8270410958904,0.642843885786091,1.39495457048524,1010.31
"113",2007,"LCP_CCLONES1_Cut_E",18.6667945205479,25.5648219178082,11.7687671232877,0.651568985867474,1.3943747888956,952.38
"114",2008,"LCP_CCLONES1_Cut_E",18.019397260274,24.7344383561644,11.3043561643836,0.534076638249715,1.22811449971588,1587.74
"115",2009,"LCP_CCLONES1_Cut_E",18.0587671232877,24.0969589041096,12.0205753424657,0.434098288177827,1.05866418010005,1869.55
"116",2010,"LCP_CCLONES1_Cut_E",17.8259452054795,24.5285753424658,11.1233150684932,0.527740082294189,1.24462964054638,1203.62
"117",2011,"LCP_CCLONES1_Cut_E",18.8277123287671,25.6424109589041,12.0130136986301,0.659403908491591,1.41792797627866,1032.89
"118",2012,"LCP_CCLONES1_Cut_E",19.1844383561644,25.5709589041096,12.7979178082192,0.50121729374364,1.19351646063303,1084.64
"119",2013,"LCP_CCLONES1_Cut_E",18.1340821917808,24.241205479452,12.0269589041096,0.438162921361584,1.05939172696506,1770.75
"120",2014,"LCP_CCLONES1_Cut_E",17.7742191780822,24.3216712328767,11.2267671232877,0.505442836572699,1.18674794202723,1575.17
"121",2015,"LCP_CCLONES1_Cut_E",19.2189589041096,25.3686849315069,13.0692328767123,0.466696016790554,1.14015261076961,1687.6
"122",2016,"LCP_CCLONES1_Cut_E",19.1907123287671,26.0012328767124,12.3801917808219,0.582279328466298,1.3335432969957,1088.01
"123",2017,"LCP_CCLONES1_Cut_E",19.2611780821918,25.7039726027397,12.8183835616438,0.495259143524687,1.18868421341495,1500.54
"124",2018,"LCP_CCLONES1_Cut_E",19.1748493150685,25.480301369863,12.869397260274,0.472711081155942,1.15792244141453,1920.33
"125",2019,"LCP_CCLONES1_Cut_E",19.7865342465753,26.1297260273973,13.4433424657534,0.511031242778617,1.23866884471605,1521.38
"126",2020,"LCP_CCLONES1_Cut_E",19.468301369863,25.4452328767123,13.4913698630137,0.435145314408749,1.08637771507665,1604.26
"127",2021,"LCP_CCLONES1_Cut_E",18.9708219178082,25.0353424657534,12.906301369863,0.442856084351242,1.08875143290192,1554.28
"128",2022,"LCP_CCLONES1_Cut_E",19.0425205479452,25.5145753424658,12.5704657534247,0.497418686139035,1.19631030581514,1291.2
"129",2023,"LCP_CCLONES1_Cut_E",19.4342876712329,25.7574794520548,13.111095890411,0.49043535750075,1.18695215114626,1400.26
"130",2003,"LCP_CCLONES1_Nas_A",19.9336164383562,25.7948219178082,14.0724109589041,0.417477017600019,1.06216394812173,1365.14
"131",2004,"LCP_CCLONES1_Nas_A",20.084794520548,26.1620273972603,14.0075616438356,0.487805636705319,1.16899850447056,1773.61
"132",2005,"LCP_CCLONES1_Nas_A",19.9443698630137,25.7380273972603,14.1507123287671,0.414246704657952,1.05821549696729,1989.93
"133",2006,"LCP_CCLONES1_Nas_A",20.2893424657534,26.7520821917808,13.826602739726,0.555433154145268,1.29176070298886,963.86
"134",2007,"LCP_CCLONES1_Nas_A",20.3505890410959,26.5452602739726,14.1559178082192,0.519587575701185,1.22189033919151,1276.84
"135",2008,"LCP_CCLONES1_Nas_A",19.771095890411,25.884794520548,13.657397260274,0.475339681860039,1.14446103332363,1528.71
"136",2009,"LCP_CCLONES1_Nas_A",20.2066301369863,26.0813698630137,14.3318904109589,0.42565397872743,1.08796805966116,1683.51
"137",2010,"LCP_CCLONES1_Nas_A",19.3073698630137,25.7498630136986,12.8648767123288,0.518315112059419,1.23088677974986,1149.49
"138",2011,"LCP_CCLONES1_Nas_A",20.4845753424658,27.0846849315069,13.8844657534247,0.611964767778612,1.38474395633809,1079.45
"139",2012,"LCP_CCLONES1_Nas_A",20.8135753424657,26.6929315068493,14.9342191780822,0.449035979304063,1.12441665444018,1449.24
"140",2013,"LCP_CCLONES1_Nas_A",20.304602739726,25.9830958904109,14.6261095890411,0.399798474128535,1.03445465226994,1396.84
"141",2014,"LCP_CCLONES1_Nas_A",19.8669589041096,25.7864109589041,13.9475068493151,0.441199671604967,1.10979353643695,1652.81
"142",2015,"LCP_CCLONES1_Nas_A",21.5433150684932,27.0108493150685,16.0757808219178,0.398353409815934,1.05954820877727,1379.61
"143",2016,"LCP_CCLONES1_Nas_A",21.1695616438356,27.2070958904109,15.1320273972603,0.467013490718461,1.18344867612816,1198.44
"144",2017,"LCP_CCLONES1_Nas_A",21.4290684931507,27.2879452054795,15.5701917808219,0.486073816232655,1.17973120025254,1522.9
"145",2018,"LCP_CCLONES1_Nas_A",20.8474109589041,26.3950958904109,15.2997260273973,0.386928909676447,1.03235522032653,1776.61
"146",2019,"LCP_CCLONES1_Nas_A",21.3860821917808,27.0584109589041,15.7137534246575,0.448185407066761,1.13172072571076,1443.07
"147",2020,"LCP_CCLONES1_Nas_A",21.649301369863,27.0618356164383,16.2367671232877,0.371797933757773,1.01332430546763,1691.28
"148",2021,"LCP_CCLONES1_Nas_A",20.7275616438356,26.3463835616439,15.1087397260274,0.40334046091965,1.04840025277005,1393.71
"149",2022,"LCP_CCLONES1_Nas_A",20.8329726027397,26.734,14.9319452054794,0.44938129913863,1.13987303679529,1126.12
"150",2023,"LCP_CCLONES1_Nas_A",21.5200273972603,27.2448767123288,15.7951780821918,0.431841032045039,1.11757591076136,1492.92
"151",2002,"LCP_CCLONES1_Oak_F",19.0377260273973,25.4892602739726,12.5861917808219,0.509848147067986,1.21066039107737,1210.32
"152",2003,"LCP_CCLONES1_Oak_F",18.6577671232877,24.8340547945206,12.4814794520548,0.446476114140752,1.09386855490941,1345.78
"153",2004,"LCP_CCLONES1_Oak_F",18.8158904109589,25.1150136986301,12.5167671232877,0.476111063462304,1.14760000061751,1316.82
"154",2005,"LCP_CCLONES1_Oak_F",18.8178493150685,25.1092876712329,12.5264109589041,0.464482736525612,1.13417637306579,1350.56
"155",2006,"LCP_CCLONES1_Oak_F",19.3687534246575,26.335698630137,12.4018082191781,0.656946307664489,1.42819092489336,999.63
"156",2007,"LCP_CCLONES1_Oak_F",19.3787260273973,26.1923287671233,12.5651232876712,0.590814691834511,1.34727695263294,1033.58
"157",2008,"LCP_CCLONES1_Oak_F",18.5260273972603,25.2129315068493,11.8391232876712,0.544934595571725,1.25116395996045,1280.99
"158",2009,"LCP_CCLONES1_Oak_F",18.5302328767123,24.6052054794521,12.4552602739726,0.443092538757866,1.08746625650955,1630.81
"159",2010,"LCP_CCLONES1_Oak_F",18.1202602739726,24.807095890411,11.4334246575342,0.521028583462229,1.24088721068662,1087.55
"160",2011,"LCP_CCLONES1_Oak_F",19.0057534246575,25.9882739726027,12.0232328767123,0.667062840657926,1.44835709384347,885
"161",2012,"LCP_CCLONES1_Oak_F",19.4430821917808,25.8449589041096,13.0412054794521,0.507761832888993,1.21232883170303,957.17
"162",2013,"LCP_CCLONES1_Oak_F",18.5514520547945,24.4789863013699,12.6239178082192,0.422722613073001,1.04266725445562,1606.07
"163",2014,"LCP_CCLONES1_Oak_F",18.1971506849315,24.5110136986301,11.8832876712329,0.479404607669138,1.14865598163414,1562.34
"164",2015,"LCP_CCLONES1_Oak_F",19.6402191780822,25.4604109589041,13.8200273972603,0.427972903284847,1.07968067318137,1475.82
"165",2016,"LCP_CCLONES1_Oak_F",19.7650684931507,26.302602739726,13.2275342465753,0.547658475844824,1.28690917577751,1054.3
"166",2017,"LCP_CCLONES1_Oak_F",19.7666712328767,26.038301369863,13.4950410958904,0.486926814751826,1.18109186544258,1246.76
"167",2018,"LCP_CCLONES1_Oak_F",19.4079452054795,25.4395068493151,13.3763835616438,0.438768987657479,1.10247135727311,1633.24
"168",2019,"LCP_CCLONES1_Oak_F",20.0052602739726,26.3467123287671,13.6638082191781,0.514278113747539,1.24795050752848,1289.66
"169",2020,"LCP_CCLONES1_Oak_F",19.8294246575342,25.8495616438356,13.8092876712329,0.441942438532926,1.10908050558268,1663.72
"170",2021,"LCP_CCLONES1_Oak_F",19.2328630136986,25.4043561643836,13.0613698630137,0.458357008604459,1.1245803780535,1437.21
"171",2022,"LCP_CCLONES1_Oak_F",19.3039589041096,25.8478082191781,12.7601095890411,0.511544801979952,1.22894167446421,1157.39
"172",2023,"LCP_CCLONES1_Oak_F",19.6244246575343,25.9788219178082,13.2700273972603,0.494982721892135,1.19897517223825,1243.73
"173",2002,"LCP_CCLONES1_Pal_C",21.3191369863014,27.2288219178082,15.4094520547945,0.46680084892824,1.1623881824275,1594.19
"174",2003,"LCP_CCLONES1_Pal_C",20.8336164383562,26.7016164383561,14.9656164383562,0.433690779083138,1.10622259602857,1363.77
"175",2004,"LCP_CCLONES1_Pal_C",20.7960273972603,26.7834794520548,14.8085753424658,0.460759360263106,1.1484754392213,1571.98
"176",2005,"LCP_CCLONES1_Pal_C",20.6987671232877,26.3518904109589,15.0456438356164,0.399708367693954,1.04409932174815,1633.37
"177",2006,"LCP_CCLONES1_Pal_C",21.2760410958904,27.630301369863,14.9217808219178,0.588438647484056,1.34348901824784,906.78
"178",2007,"LCP_CCLONES1_Pal_C",21.405794520548,27.3884657534247,15.4231232876712,0.490013306201413,1.20071336234879,1292.18
"179",2008,"LCP_CCLONES1_Pal_C",20.7914520547945,26.8312054794521,14.751698630137,0.47745636802778,1.16586115403906,1373.33
"180",2009,"LCP_CCLONES1_Pal_C",21.1975068493151,27.0194246575343,15.3755890410959,0.425622797689704,1.10707257250743,1553.59
"181",2010,"LCP_CCLONES1_Pal_C",20.0503835616438,26.244301369863,13.8564657534247,0.474748089896901,1.17326851172907,1095.08
"182",2011,"LCP_CCLONES1_Pal_C",21.361301369863,27.6943561643835,15.0282465753424,0.54047529501858,1.30171694972195,1258.87
"183",2012,"LCP_CCLONES1_Pal_C",21.4515890410959,27.3660547945205,15.5371232876712,0.480909728436525,1.17781935464216,1495.92
"184",2013,"LCP_CCLONES1_Pal_C",21.2430821917808,26.8745753424658,15.6115890410959,0.421345280748514,1.07524619974967,1470.79
"185",2014,"LCP_CCLONES1_Pal_C",20.581904109589,26.2035890410959,14.9602191780822,0.404539098661783,1.04950370609427,1544.89
"186",2015,"LCP_CCLONES1_Pal_C",22.3889726027397,27.6508219178082,17.1271232876713,0.36523544615407,1.01799844652206,1349.21
"187",2016,"LCP_CCLONES1_Pal_C",21.9218493150685,27.6493424657534,16.1943561643835,0.43090646399851,1.13042640641293,1254.75
"188",2017,"LCP_CCLONES1_Pal_C",22.1809178082192,27.8057534246575,16.5560821917808,0.447456995098499,1.12910154787988,1962.66
"189",2018,"LCP_CCLONES1_Pal_C",21.7272465753425,26.9879452054795,16.4665479452055,0.347906675132903,0.977224704267959,1847.28
"190",2019,"LCP_CCLONES1_Pal_C",22.5253150684931,27.9432328767123,17.107397260274,0.385692222342813,1.06069806627717,1282.64
"191",2020,"LCP_CCLONES1_Pal_C",22.3700684931507,27.900301369863,16.8398356164384,0.482850302090977,1.16168379431782,1478.94
"192",2021,"LCP_CCLONES1_Pal_C",21.725301369863,27.3198904109589,16.1307123287671,0.399491956623064,1.06674115227845,1592.2
"193",2022,"LCP_CCLONES1_Pal_C",21.9418493150685,27.5798356164384,16.3038630136986,0.431597789267377,1.11867517958925,1426.16
"194",2023,"LCP_CCLONES1_Pal_C",22.4249726027397,28.0581643835617,16.7917808219178,0.414382858895069,1.1111708857981,1593.14
"195",2002,"LCP_CCLONES1_Rey",13.9048356164384,20.625698630137,7.18397260273972,0.510355632247781,1.11336498638868,1113.24
"196",2003,"LCP_CCLONES1_Rey",13.2063424657534,19.4015068493151,7.01117808219178,0.428024049367697,0.958868295940353,1709.14
"197",2004,"LCP_CCLONES1_Rey",13.6881506849315,20.0071232876712,7.36917808219178,0.441641938135586,0.986783244678889,1256.74
"198",2005,"LCP_CCLONES1_Rey",13.6730136986301,20.2608493150685,7.08517808219178,0.469643541425485,1.04512051786493,1115.18
"199",2006,"LCP_CCLONES1_Rey",13.9482191780822,20.8848767123288,7.01156164383563,0.534576637363141,1.13373698032314,1152.96
"200",2007,"LCP_CCLONES1_Rey",14.1361369863014,21.2789589041096,6.99331506849315,0.549579392377174,1.20134049629281,1043.17
"201",2008,"LCP_CCLONES1_Rey",13.2665616438356,20.0546575342466,6.47846575342466,0.496960705389742,1.08611017852658,1062.08
"202",2009,"LCP_CCLONES1_Rey",13.0054657534246,19.5025753424658,6.50835616438356,0.455999021450049,1.00916980003462,1404.65
"203",2010,"LCP_CCLONES1_Rey",13.4163150684931,20.3625479452055,6.47008219178083,0.526666677476961,1.15824267549892,1298.73
"204",2011,"LCP_CCLONES1_Rey",14.2015753424658,21.2125205479452,7.19063013698629,0.526217016453474,1.16133238514575,1235.25
"205",2012,"LCP_CCLONES1_Rey",14.3972602739726,21.3322465753425,7.46227397260275,0.515821642737383,1.13953804164986,1168.73
"206",2013,"LCP_CCLONES1_Rey",13.1265479452055,19.3498082191781,6.90328767123288,0.415507796947911,0.937544574370439,1458.66
"207",2014,"LCP_CCLONES1_Rey",12.876095890411,19.4105205479452,6.34167123287671,0.457823406893352,1.01055042513386,1067.94
"208",2015,"LCP_CCLONES1_Rey",14.2720821917808,20.6782191780822,7.86594520547945,0.458917380229745,1.03309983738579,1491.81
"209",2016,"LCP_CCLONES1_Rey",14.5269315068493,21.0509863013699,8.00287671232877,0.475695476522817,1.07272506610244,1156.85
"210",2017,"LCP_CCLONES1_Rey",14.4232465753425,20.9199178082192,7.92657534246575,0.474657611637842,1.06128318204954,1237.28
"211",2018,"LCP_CCLONES1_Rey",14.0153424657534,20.1260547945205,7.9046301369863,0.422421816136672,0.967420800116607,1881.18
"212",2019,"LCP_CCLONES1_Rey",14.4743287671233,20.9988767123288,7.9497808219178,0.489425520639561,1.09410948139235,1298.71
"213",2020,"LCP_CCLONES1_Rey",14.2541369863014,20.4987123287671,8.00956164383562,0.438151812590126,0.990110176344942,1981.53
"214",2021,"LCP_CCLONES1_Rey",14.1457397260274,20.9049589041096,7.38652054794521,0.500253443090263,1.10324616116708,1087.69
"215",2022,"LCP_CCLONES1_Rey",13.6472054794521,20.4295890410959,6.86482191780822,0.486606029320531,1.07968297878605,1441.45
"216",2023,"LCP_CCLONES1_Rey",14.2931643835616,20.992602739726,7.59372602739726,0.487996715135993,1.07881191038041,1282.38
"217",2003,"LCP_CCLONES1_San",19.0754794520548,24.9161369863013,13.2348219178082,0.404728527274775,1.02329330216543,2057.24
"218",2004,"LCP_CCLONES1_San",19.2559452054795,25.1087123287671,13.4031780821918,0.425771597963147,1.06413432801932,2089.03
"219",2005,"LCP_CCLONES1_San",19.4868356164383,25.4209863013699,13.5526849315068,0.431691168617782,1.08157571881243,2250.57
"220",2006,"LCP_CCLONES1_San",19.7578767123288,26.3248493150685,13.190904109589,0.535843077224368,1.27301859134426,1239.86
"221",2007,"LCP_CCLONES1_San",19.6390273972603,26.1186575342466,13.159397260274,0.51660730947075,1.24507631320363,1568.99
"222",2008,"LCP_CCLONES1_San",19.1117123287671,25.3827397260274,12.8406849315068,0.461278017692408,1.1304850468207,1843.1
"223",2009,"LCP_CCLONES1_San",19.3821917808219,25.172904109589,13.5914794520548,0.404098598522779,1.03303819836227,2391.33
"224",2010,"LCP_CCLONES1_San",18.9343287671233,25.3123835616438,12.5562739726028,0.472309368391031,1.16215007491982,1681.86
"225",2011,"LCP_CCLONES1_San",19.6489315068493,26.1158630136986,13.182,0.546881369943298,1.27377543187325,1222.15
"226",2012,"LCP_CCLONES1_San",20.1731643835616,26.1984931506849,14.1478356164384,0.452876241559377,1.12525959879105,1585.63
"227",2013,"LCP_CCLONES1_San",19.1569726027397,24.9412602739726,13.3726849315069,0.402615542997632,1.0159041823209,1805.71
"228",2014,"LCP_CCLONES1_San",18.5974246575343,24.7515616438356,12.4432876712329,0.448217877790069,1.09989403115374,2003.4
"229",2015,"LCP_CCLONES1_San",20.3332191780822,26.0349863013699,14.6314520547945,0.41373852877307,1.06661489521317,1906.19
"230",2016,"LCP_CCLONES1_San",20.2765205479452,26.2717260273973,14.2813150684932,0.439737986307553,1.11619207295541,1785.3
"231",2017,"LCP_CCLONES1_San",20.3055205479452,26.039095890411,14.5719452054794,0.407775961271367,1.05109530939176,2302.49
"232",2018,"LCP_CCLONES1_San",19.9244794520548,25.5481369863014,14.3008219178082,0.385686268585742,1.01094569351814,2200.69
"233",2019,"LCP_CCLONES1_San",20.3645479452055,26.2786575342466,14.4504383561644,0.444884681899647,1.12993494880101,1303.48
"234",2020,"LCP_CCLONES1_San",20.4351369863014,26.100602739726,14.7696712328767,0.395789238228939,1.03012218045255,1778.37
"235",2021,"LCP_CCLONES1_San",19.9940547945205,25.5877808219178,14.4003287671233,0.381186187115168,0.997830260779622,2250.68
"236",2022,"LCP_CCLONES1_San",19.9586438356164,25.8441917808219,14.073095890411,0.419252071271808,1.0730687036502,1805.98
"237",2023,"LCP_CCLONES1_San",20.6079726027397,26.4188219178082,14.7971232876712,0.428465709579919,1.10299927735545,1400.42
"238",2000,"LCP_PPINE_Big_C",19.5109452054795,26.4160821917808,12.6058082191781,0.591465835719597,1.35150306819792,1093.74
"239",2001,"LCP_PPINE_Big_C",20.0799452054794,26.5144109589041,13.6454794520548,0.515741803136273,1.23595849410887,1254.67
"240",2002,"LCP_PPINE_Big_C",20.3790684931507,26.5524657534246,14.2056712328767,0.486121342952629,1.18723644083249,1547.56
"241",2003,"LCP_PPINE_Big_C",20.042301369863,26.0537808219178,14.0308219178082,0.438789452471787,1.10335975040022,1552.8
"242",2004,"LCP_PPINE_Big_C",20.1166438356164,26.3092876712329,13.924,0.496213099557926,1.19178646023304,1861.05
"243",2005,"LCP_PPINE_Big_C",20.0437397260274,25.9650958904109,14.1223835616438,0.433793080708521,1.0983618585893,1798.76
"244",2006,"LCP_PPINE_Big_C",20.4955068493151,27.1131506849315,13.8778630136986,0.592156176461277,1.3548859353437,987.33
"245",2007,"LCP_PPINE_Big_C",20.5640410958904,26.8806849315068,14.247397260274,0.546959824750249,1.27385918327703,1371.66
"246",2008,"LCP_PPINE_Big_C",19.9966301369863,26.2981369863014,13.6951232876712,0.48953153766245,1.18694056152212,1597.52
"247",2009,"LCP_PPINE_Big_C",20.2775616438356,26.3363561643836,14.2187671232877,0.449960549011149,1.13519492857839,1608.24
"248",2010,"LCP_PPINE_Big_C",19.2970547945205,25.9688493150685,12.6252602739726,0.539032177072568,1.27617859353022,1072.9
"249",2011,"LCP_PPINE_Big_C",20.539301369863,27.4174794520548,13.6611232876712,0.653767972659975,1.46122578322725,1125.36
"250",2012,"LCP_PPINE_Big_C",20.8608904109589,26.9642191780822,14.7575616438356,0.507269275351084,1.20881952462466,1506.74
"251",2013,"LCP_PPINE_Big_C",20.37,26.2679726027398,14.4720273972603,0.432779752899187,1.09518074972954,1337.35
"252",2014,"LCP_PPINE_Big_C",20.0022054794521,26.0616164383562,13.9427945205479,0.460803501505093,1.14749565450711,1761.57
"253",2015,"LCP_PPINE_Big_C",21.6951095890411,27.3574246575343,16.0327945205479,0.421975408852458,1.11171804130863,1191.47
"254",2016,"LCP_PPINE_Big_C",21.2186438356164,27.5122191780822,14.9250684931507,0.50717479560366,1.25727281331357,1307.52
"255",2017,"LCP_PPINE_Big_C",21.6488219178082,27.7203287671233,15.5773150684932,0.498003118044646,1.22594648780207,1707.95
"256",2018,"LCP_PPINE_Big_C",20.8631917808219,26.5950136986302,15.1313698630137,0.413134302746245,1.0803356882257,1960.46
"257",2019,"LCP_PPINE_Big_C",21.328301369863,27.1565479452055,15.5000547945205,0.443743936608974,1.14440551402086,1326.17
"258",2020,"LCP_PPINE_Big_C",21.5134383561644,27.083205479452,15.9436712328767,0.393593379925144,1.05147616851888,1371.9
"259",2021,"LCP_PPINE_Big_C",20.6375479452055,26.3569863013699,14.9181095890411,0.412878594205397,1.06644476476385,1587.87
"260",2022,"LCP_PPINE_Big_C",20.7631232876712,26.9396438356165,14.586602739726,0.497675915761634,1.21910766251247,1154.43
"261",2023,"LCP_PPINE_Big_C",21.4445479452055,27.4372328767123,15.4518630136986,0.467735672960323,1.1847388281993,1670.51
"262",2000,"LCP_PPINE_Per_C",19.8275479452055,26.9411232876712,12.7139726027397,0.637213483024534,1.42327822099431,1246.06
"263",2001,"LCP_PPINE_Per_C",20.0407123287671,26.7145753424658,13.3668493150685,0.547080533806297,1.28390114828739,1254.98
"264",2002,"LCP_PPINE_Per_C",20.1991917808219,26.6610684931506,13.7373150684931,0.495675599730655,1.21622548217687,1481.85
"265",2003,"LCP_PPINE_Per_C",19.7478082191781,25.8863835616438,13.6092328767123,0.438899185968017,1.09923025324168,1557.93
"266",2004,"LCP_PPINE_Per_C",19.9200684931507,26.2372054794521,13.6029315068493,0.487942071362056,1.1850267455806,1555.61
"267",2005,"LCP_PPINE_Per_C",19.9073972602739,26.2058356164384,13.6089589041096,0.469844689302309,1.16532921955788,1878.96
"268",2006,"LCP_PPINE_Per_C",20.3402465753425,27.2473698630137,13.4331232876712,0.59733283525819,1.37897273518106,1028.41
"269",2007,"LCP_PPINE_Per_C",20.5627123287671,27.3724657534247,13.7529589041096,0.782842817415354,1.56324508087251,836.7
"270",2008,"LCP_PPINE_Per_C",19.9359041095891,26.5840547945205,13.2877534246575,0.538646964026342,1.26621014160258,1419.89
"271",2009,"LCP_PPINE_Per_C",19.9751643835617,26.2099452054795,13.7403835616438,0.462510877933978,1.15135788402551,1523.53
"272",2010,"LCP_PPINE_Per_C",19.1522465753425,25.7320821917808,12.5724109589041,0.487833959956511,1.19622839325379,1381.44
"273",2011,"LCP_PPINE_Per_C",20.3090273972603,27.1513150684932,13.4667397260274,0.582327319537531,1.36713461535934,1096.06
"274",2012,"LCP_PPINE_Per_C",20.8121506849315,27.0985753424658,14.5257260273973,0.488326941061076,1.20510995290887,1762.68
"275",2013,"LCP_PPINE_Per_C",20.342506849315,26.4635890410959,14.2214246575342,0.452509103038679,1.13584131484953,1842.27
"276",2014,"LCP_PPINE_Per_C",19.5961506849315,26.0047397260274,13.1875616438356,0.491403272585206,1.19678891376718,1923.51
"277",2015,"LCP_PPINE_Per_C",21.5606438356164,27.4798082191781,15.6414794520548,0.445896350783534,1.15487340046011,1286.37
"278",2016,"LCP_PPINE_Per_C",21.0624109589041,27.4677534246575,14.6570684931507,0.504792411863098,1.25009095054822,1684.41
"279",2017,"LCP_PPINE_Per_C",21.2095890410959,27.440301369863,14.9788767123288,0.478555873747984,1.20182095261544,1619.48
"280",2018,"LCP_PPINE_Per_C",20.8405479452055,26.6397534246575,15.0413424657534,0.40935182092209,1.07345107825092,2160.84
"281",2019,"LCP_PPINE_Per_C",21.3361506849315,27.3875890410959,15.2847123287671,0.483274434383835,1.20656899280093,1355.35
"282",2020,"LCP_PPINE_Per_C",21.4258219178082,27.3810958904109,15.4705479452055,0.433178561382209,1.1275481006328,1620.72
"283",2021,"LCP_PPINE_Per_C",20.7548219178082,26.623397260274,14.8862465753425,0.429872726083608,1.0985806510374,1538.84
"284",2022,"LCP_PPINE_Per_C",20.8256712328767,27.2407123287671,14.4106301369863,0.507759800019646,1.25165738766217,1296.67
"285",2023,"LCP_PPINE_Per_C",21.3877534246575,27.4790410958905,15.2964657534247,0.476666026755852,1.19995574242093,1744.85
"286",2000,"LCP_PPINE_San_D",19.6819041095891,26.8362465753425,12.5275616438356,0.651123393252132,1.44344776788824,977.43
"287",2001,"LCP_PPINE_San_D",20.1914931506849,26.8763561643835,13.5066301369863,0.55414884812203,1.30360895986197,1181.1
"288",2002,"LCP_PPINE_San_D",20.4273835616438,26.877698630137,13.9770684931507,0.514945668964179,1.24731756300214,1624.43
"289",2003,"LCP_PPINE_San_D",20.1111369863014,26.3070684931507,13.915205479452,0.463425569759938,1.14960128320997,1511.57
"290",2004,"LCP_PPINE_San_D",20.1406849315068,26.472,13.8093698630137,0.527303623279181,1.23895104790649,1700.65
"291",2005,"LCP_PPINE_San_D",20.0711780821918,26.1433972602739,13.9989589041096,0.453246701191607,1.13495904843403,1624.99
"292",2006,"LCP_PPINE_San_D",20.6038356164383,27.4376712328767,13.77,0.629917229070043,1.42184199741296,1080.88
"293",2007,"LCP_PPINE_San_D",20.6213561643836,27.1271780821918,14.1155342465753,0.607796145180285,1.35954696668172,1145.42
"294",2008,"LCP_PPINE_San_D",20.0777534246575,26.5906575342465,13.5648493150685,0.514924745536633,1.2371480310724,1394.18
"295",2009,"LCP_PPINE_San_D",20.2474931506849,26.4915068493151,14.0034794520548,0.474633545653098,1.17886944395783,1438.84
"296",2010,"LCP_PPINE_San_D",19.2288767123288,26.0349589041096,12.4227945205479,0.541670710872557,1.28770843098582,1134.19
"297",2011,"LCP_PPINE_San_D",20.5430684931507,27.6335068493151,13.4526301369863,0.685745462440516,1.51742548042188,1151
"298",2012,"LCP_PPINE_San_D",20.8078356164384,27.1548767123287,14.4607945205479,0.503320911565578,1.22912551819101,1725.77
"299",2013,"LCP_PPINE_San_D",20.3669863013698,26.5073150684931,14.2266575342466,0.46391115433379,1.15373143206644,1503.26
"300",2014,"LCP_PPINE_San_D",19.9037671232877,26.2047671232877,13.6027671232877,0.490729626319576,1.19878872435201,1742
"301",2015,"LCP_PPINE_San_D",21.7064109589041,27.6286849315069,15.7841369863014,0.460866440497743,1.18083652816506,1258.82
"302",2016,"LCP_PPINE_San_D",21.1230410958904,27.6979726027397,14.5481095890411,0.547354077254984,1.32545706076894,1277.42
"303",2017,"LCP_PPINE_San_D",21.4670684931507,27.8310136986302,15.1031232876712,0.519474428290301,1.27654585536886,1803.64
"304",2018,"LCP_PPINE_San_D",20.7167397260274,26.7092876712329,14.7241917808219,0.448061681563883,1.13925271010639,1782.66
"305",2019,"LCP_PPINE_San_D",21.2939589041096,27.4202465753425,15.1676712328767,0.494207643732556,1.22919258159335,1248.25
"306",2020,"LCP_PPINE_San_D",21.4702328767123,27.345698630137,15.5947671232877,0.436324663825634,1.12889837079227,1536.73
"307",2000,"LCP_PPINE_Wal_C",20.0804657534247,27.2606301369863,12.900301369863,0.674185763445296,1.48105873064351,994.98
"308",2001,"LCP_PPINE_Wal_C",20.5913561643836,27.2711780821918,13.9115342465753,0.557853069875474,1.31919446969643,1210.64
"309",2002,"LCP_PPINE_Wal_C",20.7058356164383,27.1763561643836,14.2353150684932,0.534515441927414,1.27562111269341,1536.64
"310",2003,"LCP_PPINE_Wal_C",20.4032876712329,26.6108493150685,14.1957260273973,0.467122706416889,1.16300305626705,1396.58
"311",2004,"LCP_PPINE_Wal_C",20.3451506849315,26.7020273972602,13.9882739726027,0.529418285164837,1.24726109095021,1582.23
"312",2005,"LCP_PPINE_Wal_C",20.2609315068493,26.3364383561644,14.1854246575342,0.450322131153048,1.13176670598548,1447.16
"313",2006,"LCP_PPINE_Wal_C",20.8265342465753,27.6331232876712,14.0199452054795,0.611222251474559,1.4027058934776,943.85
"314",2007,"LCP_PPINE_Wal_C",20.8206164383562,27.3030410958904,14.3381917808219,0.600380657370035,1.35217186345006,1124.62
"315",2008,"LCP_PPINE_Wal_C",20.3724520547945,26.8758904109589,13.8690136986301,0.525058394942008,1.25242448566909,1241.81
"316",2009,"LCP_PPINE_Wal_C",20.6077945205479,26.8363561643836,14.3792328767123,0.472229720627472,1.18259409233166,1434.47
"317",2010,"LCP_PPINE_Wal_C",19.5583835616438,26.2944109589041,12.8223561643836,0.527032877351465,1.26882343954516,1127.62
"318",2011,"LCP_PPINE_Wal_C",21.0021917808219,27.9566575342466,14.0477260273973,0.641048420931229,1.46664911015971,1177.43
"319",2012,"LCP_PPINE_Wal_C",21.1052602739726,27.5054520547945,14.7050684931507,0.523851757580091,1.26484101077952,1581.23
"320",2013,"LCP_PPINE_Wal_C",20.943794520548,27.0650136986301,14.8225753424657,0.466705535804361,1.1707275497473,1398.83
"321",2014,"LCP_PPINE_Wal_C",20.1737945205479,26.4037260273973,13.9438630136986,0.480771084766646,1.18428609473842,1531.5
"322",2015,"LCP_PPINE_Wal_C",22.0469863013699,27.8148219178082,16.2791506849315,0.454247196238737,1.15999515638844,1418.36
"323",2016,"LCP_PPINE_Wal_C",21.5597808219178,27.8854794520548,15.2340821917808,0.51457314098068,1.27309473668655,1174.98
"324",2017,"LCP_PPINE_Wal_C",21.7248630136986,27.9968493150685,15.4528767123288,0.535372214097228,1.28556265061719,1880.83
"325",2018,"LCP_PPINE_Wal_C",21.2939315068493,27.158,15.4298630136986,0.429019512567795,1.1188097883887,1675.85
"326",2019,"LCP_PPINE_Wal_C",21.8927808219178,27.8946301369863,15.8909315068493,0.482584251417343,1.21613858100867,1259.89
"327",2020,"LCP_PPINE_Wal_C",21.7186301369863,27.6305205479452,15.8067397260274,0.47619803276,1.17974518828848,1200.95
"328",2021,"LCP_PPINE_Wal_C",21.0553835616438,27.053397260274,15.0573698630137,0.454333971248451,1.14833087871952,1765.65
"329",2022,"LCP_PPINE_Wal_C",21.3210684931507,27.5450684931507,15.0970684931507,0.497422053486752,1.23917815299641,1602.44
"330",2023,"LCP_PPINE_Wal_C",21.8627534246575,28.0416438356164,15.6838630136986,0.491021110070051,1.24000157200417,1774.01
"331",2000,"LCP_PPINE_Wav_A",19.429602739726,25.7195616438356,13.1396438356165,0.492291017659439,1.18341662679614,1054.7
"332",2001,"LCP_PPINE_Wav_A",19.984602739726,26.0458904109589,13.9233150684932,0.506115684794595,1.18277051309089,1120.26
"333",2002,"LCP_PPINE_Wav_A",20.1671917808219,26.0316164383562,14.3027671232877,0.431748446105416,1.09148738529713,1438.7
"334",2003,"LCP_PPINE_Wav_A",19.4572191780822,25.4423287671233,13.4721095890411,0.430258316273399,1.07674408970559,1362.85
"335",2004,"LCP_PPINE_Wav_A",19.6761780821918,25.851397260274,13.5009589041096,0.483039801314549,1.16256644267815,1682.7
"336",2005,"LCP_PPINE_Wav_A",19.4759589041096,25.3253150684932,13.626602739726,0.415882181150161,1.05078251957617,1860.84
"337",2006,"LCP_PPINE_Wav_A",19.8701369863014,26.3526301369863,13.3876438356164,0.585748357557259,1.31306950603223,978.29
"338",2007,"LCP_PPINE_Wav_A",19.8663424657534,26.1364383561644,13.5962465753425,0.540761618759494,1.23560782561563,1236.7
"339",2008,"LCP_PPINE_Wav_A",19.271602739726,25.5608493150685,12.9823561643836,0.479700496963885,1.15323148266945,1317.52
"340",2009,"LCP_PPINE_Wav_A",19.5750684931507,25.5354794520548,13.6146575342466,0.431800580644535,1.08668855288962,1587.72
"341",2010,"LCP_PPINE_Wav_A",18.7901780821918,25.290301369863,12.2900547945206,0.512136116043058,1.21578770234982,1136.31
"342",2011,"LCP_PPINE_Wav_A",19.9114109589041,26.5672328767123,13.2555890410959,0.569575631745912,1.33014136364084,1140.08
"343",2012,"LCP_PPINE_Wav_A",20.2719726027397,26.2667397260274,14.2772054794521,0.44821184803411,1.12133646615309,1424.79
"344",2013,"LCP_PPINE_Wav_A",19.6998219178082,25.5065205479452,13.8931232876712,0.41151681163015,1.04450381081152,1428.97
"345",2014,"LCP_PPINE_Wav_A",19.1474246575343,25.2648767123288,13.0299726027397,0.460777628829232,1.13096521060962,1455.48
"346",2015,"LCP_PPINE_Wav_A",20.8076575342466,26.3391506849315,15.2761643835616,0.394876675912386,1.0412731422426,1531.8
"347",2016,"LCP_PPINE_Wav_A",20.5598082191781,26.6278630136986,14.4917534246575,0.472512356684092,1.1722025675734,1311.71
"348",2017,"LCP_PPINE_Wav_A",20.7948904109589,26.7308219178082,14.8589589041096,0.490993520300519,1.1740081881967,1455.22
"349",2018,"LCP_PPINE_Wav_A",20.3254109589041,25.9548493150685,14.6959726027397,0.394223358211928,1.03426525547432,1810.44
"350",2019,"LCP_PPINE_Wav_A",20.9752328767123,26.7215342465753,15.2289315068493,0.434608263243091,1.11585133356813,1428.89
"351",2020,"LCP_PPINE_Wav_A",21.163904109589,26.6353424657534,15.6924657534247,0.374727726306433,1.01074123163595,1609.12
"352",2021,"LCP_PPINE_Wav_A",20.2827123287671,25.9635890410959,14.6018356164383,0.402734796701297,1.04062869982618,1500.58
"353",2022,"LCP_PPINE_Wav_A",20.4415479452055,26.3366849315068,14.5464109589041,0.434661595506476,1.11111357072758,1249.74
"354",2023,"LCP_PPINE_Wav_A",21.071602739726,26.8773424657534,15.2658630136986,0.431137396310935,1.11104231264631,1493.81
"355",2016,"S_SIGNS_Ark_Ark",18.9382876712329,25.135506849315,12.7410684931507,0.469850894611876,1.15126283000437,1914.97
"356",2017,"S_SIGNS_Ark_Ark",18.7973835616438,24.9546301369863,12.6401369863014,0.465145294427591,1.13173263329358,1407.21
"357",2018,"S_SIGNS_Ark_Ark",18.1072876712329,24.1660547945205,12.0485205479452,0.466106040635679,1.13167885679222,1912.38
"358",2019,"S_SIGNS_Ark_Ark",18.3597671232877,24.4444931506849,12.2750410958904,0.470473598908356,1.14361763304022,1983.49
"359",2020,"S_SIGNS_Ark_Ark",18.3698904109589,24.2726575342466,12.4671232876712,0.436277538055585,1.07045983428284,1939.11
"360",2021,"S_SIGNS_Ark_Ark",18.2144109589041,24.2679178082192,12.160904109589,0.451995860662874,1.10363089324497,1199.76
"361",2022,"S_SIGNS_Ark_Ark",18.0832191780822,24.6274794520548,11.5389589041096,0.504477861257461,1.20414678451153,1531.63
"362",2023,"S_SIGNS_Ark_Ark",19.1923835616438,25.4148219178082,12.9699452054795,0.489514828264469,1.19136031274931,1402.36
"363",2014,"S_SIGNS_Bel_E",17.6401643835617,24.1642465753425,11.1160821917808,0.490049349051864,1.15921882181556,1626.08
"364",2015,"S_SIGNS_Bel_E",19.2135890410959,25.3456164383562,13.0815616438356,0.468124931612768,1.14263169677203,1711.74
"365",2016,"S_SIGNS_Bel_E",19.3541780821918,25.907397260274,12.8009589041096,0.51049956675451,1.22678333876809,1633.16
"366",2017,"S_SIGNS_Bel_E",19.2788767123288,25.4372328767123,13.1205205479452,0.459931664123389,1.12590599553915,2084.37
"367",2018,"S_SIGNS_Bel_E",19.1722054794521,25.1752054794521,13.169205479452,0.436534325849593,1.09168597362962,2035.59
"368",2019,"S_SIGNS_Bel_E",19.5984383561644,25.9024657534246,13.2944109589041,0.499672423936189,1.21294903194823,1448.17
"369",2020,"S_SIGNS_Bel_E",19.5539863013698,25.5613698630137,13.546602739726,0.439954710174019,1.09468412088737,1732.94
"370",2021,"S_SIGNS_Bel_E",19.0748630136986,25.0599726027397,13.0897534246575,0.43094506849415,1.07040004470078,2133.51
"371",2022,"S_SIGNS_Bel_E",18.7219178082192,25.1160547945205,12.3277808219178,0.479937652628032,1.15833661073548,1812.71
"372",2023,"S_SIGNS_Bel_E",19.5432191780822,25.8544931506849,13.2319452054794,0.493983342677875,1.19908636061246,1584.72
"373",2016,"S_SIGNS_Big_D",21.4921095890411,27.7218356164384,15.2623835616438,0.509920064489898,1.26092253713929,1230.02
"374",2017,"S_SIGNS_Big_D",21.7957945205479,27.7311232876712,15.8604657534246,0.469466156097223,1.18377542220055,1771.56
"375",2018,"S_SIGNS_Big_D",21.1261095890411,26.7428493150685,15.5093698630137,0.397895271913852,1.05746416866426,1669.05
"376",2019,"S_SIGNS_Big_D",21.6741643835616,27.3976712328767,15.9506575342466,0.431162129900619,1.12793217588811,1167.08
"377",2020,"S_SIGNS_Big_D",21.7915068493151,27.3470136986302,16.236,0.394221527909684,1.05753316115156,1372.15
"378",2021,"S_SIGNS_Big_D",20.9244931506849,26.5624383561644,15.2865479452055,0.403589514962256,1.05516492943347,1575.24
"379",2022,"S_SIGNS_Big_D",21.0700273972603,27.1404383561644,14.9996164383561,0.489894645436787,1.20826888597634,1168.57
"380",2023,"S_SIGNS_Big_D",21.7471643835616,27.6027397260274,15.8915890410959,0.453296885054191,1.16249445409158,1535.25
"381",2013,"S_SIGNS_Bra_C",20.0444657534247,26.1738082191781,13.9151232876712,0.45974529617754,1.14006475579871,1447.04
"382",2014,"S_SIGNS_Bra_C",19.676301369863,25.9254246575342,13.4271780821918,0.486405371563412,1.18899094649786,1689.69
"383",2015,"S_SIGNS_Bra_C",21.3508082191781,27.2659452054795,15.4356712328767,0.458524485624562,1.17191676115964,1306.19
"384",2016,"S_SIGNS_Bra_C",21.0154246575342,27.4926301369863,14.5382191780822,0.53015502150816,1.29569054471425,1199.38
"385",2017,"S_SIGNS_Bra_C",21.2181506849315,27.5468767123288,14.8894246575342,0.553680767514476,1.30348382109055,1406.72
"386",2018,"S_SIGNS_Bra_C",20.5360684931507,26.478904109589,14.5932328767123,0.445495546373919,1.13056608061151,1695.38
"387",2019,"S_SIGNS_Bra_C",21.0063424657534,27.2132054794521,14.7994794520548,0.509585930253004,1.25126992916624,1217.69
"388",2020,"S_SIGNS_Bra_C",21.3365479452055,27.1810684931507,15.4920273972603,0.426217580221005,1.11256579085181,1582.17
"389",2021,"S_SIGNS_Bra_C",20.5081369863014,26.4594246575343,14.5568493150685,0.448653124378058,1.12721488081109,1702.37
"390",2022,"S_SIGNS_Bra_C",20.5251780821918,26.9283287671233,14.1220273972603,0.510213661768624,1.25071970735207,1249.88
"391",2023,"S_SIGNS_Bra_C",21.2094383561644,27.3910684931507,15.0278082191781,0.487506245486608,1.21938623333053,1476.18
"392",2014,"S_SIGNS_Bru_E",18.0153287671233,24.3162191780822,11.7144383561644,0.466980492483511,1.12752517793159,1597.14
"393",2015,"S_SIGNS_Bru_E",19.6387808219178,25.7426849315069,13.5348767123288,0.49535052358327,1.19426610783394,1606.65
"394",2016,"S_SIGNS_Bru_E",19.5071506849315,25.8773150684931,13.1369863013699,0.49526911618573,1.20336651420652,1622.88
"395",2017,"S_SIGNS_Bru_E",19.4477808219178,25.3950136986301,13.5005479452055,0.438845615467792,1.08996083315911,1819.91
"396",2018,"S_SIGNS_Bru_E",19.1220821917808,25.0471780821918,13.1969863013699,0.438574082639499,1.09939808279961,1971.9
"397",2019,"S_SIGNS_Bru_E",19.0698493150685,25.0426575342466,13.0970410958904,0.451470542532558,1.11503792161081,1961.84
"398",2020,"S_SIGNS_Bru_E",19.4013424657534,25.1335890410959,13.669095890411,0.412007524778839,1.04254777151079,1915.83
"399",2021,"S_SIGNS_Bru_E",19.1254383561644,24.8492602739726,13.4016164383562,0.409421402476102,1.03613359834176,1710.65
"400",2022,"S_SIGNS_Bru_E",18.8549863013699,25.1853150684932,12.5246575342466,0.477635799673819,1.16238023098655,1692.11
"401",2023,"S_SIGNS_Bru_E",20.1482054794521,26.4673698630137,13.8290410958904,0.588398233647304,1.33473076826496,1340.02
"402",2016,"S_SIGNS_Fol_D",20.7900273972603,27.1184109589041,14.4616438356164,0.514475965886193,1.25438030206681,1122.29
"403",2017,"S_SIGNS_Fol_D",21.0205890410959,27.2060273972602,14.8351506849315,0.530045295657049,1.25534441298448,1408.44
"404",2018,"S_SIGNS_Fol_D",20.3935890410959,26.2538630136987,14.5333150684931,0.431336393185268,1.10311355203429,1803.58
"405",2019,"S_SIGNS_Fol_D",20.8968767123288,27.0126301369863,14.7811232876712,0.500528381492844,1.22760904335898,1290.51
"406",2020,"S_SIGNS_Fol_D",21.2478767123288,26.9060273972603,15.5897260273973,0.400786384929165,1.06152812892855,1766.82
"407",2021,"S_SIGNS_Fol_D",20.3591369863014,26.192,14.5262739726027,0.426074900425704,1.08563507406598,1600.58
"408",2022,"S_SIGNS_Fol_D",20.4624383561644,26.6114794520548,14.313397260274,0.476886338310837,1.18599448765797,1242.97
"409",2023,"S_SIGNS_Fol_D",21.1201506849315,27.133397260274,15.106904109589,0.465581613522148,1.17450334166684,1388.91
"410",2016,"S_SIGNS_Fou_Ark",18.7732465753425,24.8676712328767,12.6788219178082,0.456447504525469,1.12386327236471,1727.44
"411",2017,"S_SIGNS_Fou_Ark",18.5594657534247,24.5760273972602,12.542904109589,0.446226682595411,1.09149298441738,1385.31
"412",2018,"S_SIGNS_Fou_Ark",17.8583561643836,23.7976164383562,11.919095890411,0.445917872051451,1.0912329785669,1925.7
"413",2019,"S_SIGNS_Fou_Ark",18.1172328767123,24.1017808219178,12.1326849315069,0.456003686483064,1.11218099773399,2022.65
"414",2020,"S_SIGNS_Fou_Ark",18.0931917808219,23.8822739726027,12.3041095890411,0.420037016738318,1.03482443826449,1938.82
"415",2021,"S_SIGNS_Fou_Ark",17.9665753424657,23.9390684931507,11.9940821917808,0.440153650527265,1.07673493397711,1342.94
"416",2022,"S_SIGNS_Fou_Ark",17.8731369863014,24.3318356164384,11.4144383561644,0.49233744264082,1.17730111845949,1534.74
"417",2023,"S_SIGNS_Fou_Ark",18.9963561643836,25.1294794520548,12.8632328767123,0.475069173934631,1.16002156547701,1423.65
"418",2013,"S_SIGNS_Gai_C",20.9573287671233,27.1576712328767,14.7569863013699,0.483568027583934,1.19644852562038,1335.22
"419",2014,"S_SIGNS_Gai_C",20.1801232876712,26.4601917808219,13.9000547945205,0.486022333922616,1.19442897856236,1593.93
"420",2015,"S_SIGNS_Gai_C",22.0601095890411,27.9001369863014,16.2200821917808,0.459538915599266,1.17381208512151,1469.11
"421",2016,"S_SIGNS_Gai_C",21.5494383561644,27.9527123287671,15.1461643835616,0.525423382050455,1.29107567217051,1177.93
"422",2017,"S_SIGNS_Gai_C",21.6761780821918,28.0504383561644,15.3019178082192,0.586640753840874,1.34702761407866,1794.39
"423",2018,"S_SIGNS_Gai_C",21.3285068493151,27.2709041095891,15.3861095890411,0.438955397697889,1.13808035917778,1777.77
"424",2019,"S_SIGNS_Gai_C",21.8882602739726,27.9921095890411,15.7844109589041,0.498946577248421,1.24434826757209,1352.29
"425",2020,"S_SIGNS_Gai_C",21.6661369863014,27.6819726027397,15.650301369863,0.488333998747212,1.20213236123333,1324.64
"426",2021,"S_SIGNS_Gai_C",21.0558767123288,27.1174794520548,14.9942739726027,0.461428267047378,1.16228566358922,1779.8
"427",2022,"S_SIGNS_Gai_C",21.3019726027397,27.6142739726027,14.9896712328767,0.507450021303179,1.25891498153107,1498.64
"428",2023,"S_SIGNS_Gai_C",21.8440136986301,28.1128493150685,15.5751780821918,0.504562799992915,1.26353896629855,1501.79
"429",2013,"S_SIGNS_Hor_C_1",19.2271506849315,25.5189041095891,12.935397260274,0.470924557573604,1.14420817114153,1645.6
"430",2014,"S_SIGNS_Hor_C_1",18.8141643835616,25.3807945205479,12.2475342465754,0.516709647445414,1.22937575971253,1512.75
"431",2015,"S_SIGNS_Hor_C_1",20.4727671232877,26.406602739726,14.5389315068493,0.450723104467051,1.13964686666279,1395.13
"432",2016,"S_SIGNS_Hor_C_1",20.3093835616438,26.6985753424657,13.9201917808219,0.508846296371461,1.24196943816318,1243.23
"433",2017,"S_SIGNS_Hor_C_1",20.5992054794521,26.8375616438356,14.3608493150685,0.516830203953923,1.23382769345164,1532.75
"434",2018,"S_SIGNS_Hor_C_1",20.0618219178082,26.0544657534246,14.0691780821918,0.443585687913975,1.12150090878164,1770.88
"435",2019,"S_SIGNS_Hor_C_1",20.8010273972603,26.8639178082192,14.7381369863014,0.486053667178495,1.20615841769489,1306.28
"436",2020,"S_SIGNS_Hor_C_1",20.8330136986301,26.5585205479452,15.1075068493151,0.409834681632467,1.06979773515291,1391.4
"437",2021,"S_SIGNS_Hor_C_1",19.9785753424658,25.8827397260274,14.0744109589041,0.432022261067254,1.08828851032445,1500.39
"438",2022,"S_SIGNS_Hor_C_1",20.1783561643836,26.3930684931507,13.9636438356164,0.480451935427032,1.18808330584783,1170.57
"439",2023,"S_SIGNS_Hor_C_1",20.7373698630137,26.7773424657534,14.697397260274,0.462655950273154,1.16116179908454,1643.16
"440",2013,"S_SIGNS_Hor_C_2",19.2271506849315,25.5189041095891,12.935397260274,0.470924557573604,1.14420817114153,1645.6
"441",2014,"S_SIGNS_Hor_C_2",18.8141643835616,25.3807945205479,12.2475342465754,0.516709647445414,1.22937575971253,1512.75
"442",2015,"S_SIGNS_Hor_C_2",20.4727671232877,26.406602739726,14.5389315068493,0.450723104467051,1.13964686666279,1395.13
"443",2016,"S_SIGNS_Hor_C_2",20.3093835616438,26.6985753424657,13.9201917808219,0.508846296371461,1.24196943816318,1243.23
"444",2017,"S_SIGNS_Hor_C_2",20.5992054794521,26.8375616438356,14.3608493150685,0.516830203953923,1.23382769345164,1532.75
"445",2018,"S_SIGNS_Hor_C_2",20.0618219178082,26.0544657534246,14.0691780821918,0.443585687913975,1.12150090878164,1770.88
"446",2019,"S_SIGNS_Hor_C_2",20.8010273972603,26.8639178082192,14.7381369863014,0.486053667178495,1.20615841769489,1306.28
"447",2020,"S_SIGNS_Hor_C_2",20.8330136986301,26.5585205479452,15.1075068493151,0.409834681632467,1.06979773515291,1391.4
"448",2021,"S_SIGNS_Hor_C_2",19.9785753424658,25.8827397260274,14.0744109589041,0.432022261067254,1.08828851032445,1500.39
"449",2022,"S_SIGNS_Hor_C_2",20.1783561643836,26.3930684931507,13.9636438356164,0.480451935427032,1.18808330584783,1170.57
"450",2023,"S_SIGNS_Hor_C_2",20.7373698630137,26.7773424657534,14.697397260274,0.462655950273154,1.16116179908454,1643.16
"451",2013,"S_SIGNS_Hor_C_3",19.2085068493151,25.5122739726028,12.9047397260274,0.472315653887926,1.14641248149982,1635.62
"452",2014,"S_SIGNS_Hor_C_3",18.7938219178082,25.3704383561644,12.2172054794521,0.517807784129644,1.23100511655022,1529.48
"453",2015,"S_SIGNS_Hor_C_3",20.4562191780822,26.3886575342466,14.5237808219178,0.450486918761655,1.13888033167837,1403.36
"454",2016,"S_SIGNS_Hor_C_3",20.2979452054795,26.6838630136986,13.9120273972603,0.508277778453067,1.24071945792374,1239.73
"455",2017,"S_SIGNS_Hor_C_3",20.587301369863,26.8197808219178,14.3548219178082,0.516133405124286,1.23213919264569,1526.37
"456",2018,"S_SIGNS_Hor_C_3",20.0549726027397,26.0344931506849,14.0754520547945,0.441628387461187,1.1178092209154,1773.03
"457",2019,"S_SIGNS_Hor_C_3",20.7879178082192,26.8484931506849,14.7273424657534,0.485989442214784,1.20543172193745,1299.94
"458",2020,"S_SIGNS_Hor_C_3",20.8126438356164,26.5401643835617,15.0851232876712,0.410019673536334,1.06972283375398,1392.14
"459",2021,"S_SIGNS_Hor_C_3",19.9585616438356,25.8657534246576,14.0513698630137,0.432293256913613,1.08844648961912,1504.87
"460",2022,"S_SIGNS_Hor_C_3",20.1605342465753,26.3793150684931,13.9417534246575,0.482377501272901,1.18999594211911,1152.32
"461",2023,"S_SIGNS_Hor_C_3",20.7159589041096,26.7580821917808,14.6738356164383,0.462865942028358,1.16104539077199,1612.82
"462",2017,"S_SIGNS_Jen1_NLOU",19.9464246575342,25.7671232876712,14.1257260273973,0.424885152319662,1.07619633063742,1346.94
"463",2018,"S_SIGNS_Jen1_NLOU",19.3315753424658,25.1883561643836,13.4747945205479,0.436901038424465,1.10180026673878,1875.32
"464",2019,"S_SIGNS_Jen1_NLOU",19.2406575342466,25.1150410958904,13.3662739726027,0.43569538272672,1.09201577531677,1621.01
"465",2020,"S_SIGNS_Jen1_NLOU",19.5771643835616,25.4126849315068,13.7416438356164,0.428959151733712,1.0784600373545,2131.58
"466",2021,"S_SIGNS_Jen1_NLOU",19.2589178082192,25.0732876712329,13.4445479452055,0.424411647477194,1.06801252019345,1605.47
"467",2022,"S_SIGNS_Jen1_NLOU",19.2371643835617,25.7096438356164,12.7646849315068,0.501243298250724,1.22016520473911,1679.77
"468",2023,"S_SIGNS_Jen1_NLOU",20.5233561643836,27.0015342465753,14.0451780821918,0.607377746657449,1.38712611608987,980.29
"469",2017,"S_SIGNS_Jen2_NLOU",19.9812602739726,25.7801643835617,14.1823561643836,0.421913794482651,1.07159172360375,1420.68
"470",2018,"S_SIGNS_Jen2_NLOU",19.3746438356164,25.2112328767123,13.5380547945206,0.43425901569115,1.09788246593201,1884.76
"471",2019,"S_SIGNS_Jen2_NLOU",19.2744520547945,25.1280273972603,13.4208767123288,0.432705606930905,1.08712710539444,1602.62
"472",2020,"S_SIGNS_Jen2_NLOU",19.6061643835617,25.4242465753425,13.7880821917808,0.426560363296604,1.07473726022693,2115.63
"473",2021,"S_SIGNS_Jen2_NLOU",19.2960684931507,25.0945205479452,13.4976164383562,0.422095408429314,1.06472279429283,1630.51
"474",2022,"S_SIGNS_Jen2_NLOU",19.275904109589,25.7364657534246,12.8153424657534,0.499552773300373,1.21787363345244,1658.02
"475",2023,"S_SIGNS_Jen2_NLOU",20.5684520547945,27.0434520547945,14.0934520547945,0.612093095183604,1.39283420544966,976.05
"476",2014,"S_SIGNS_Lot_E",17.9635205479452,24.2571780821918,11.6698630136986,0.461994399325931,1.11356669571467,1775.56
"477",2015,"S_SIGNS_Lot_E",19.5822191780822,25.4793698630137,13.6850684931507,0.438220179160253,1.09514248185478,1761.76
"478",2016,"S_SIGNS_Lot_E",19.7090136986301,25.9653424657534,13.4526849315068,0.473764188196845,1.16584768266286,1553.91
"479",2017,"S_SIGNS_Lot_E",19.6722602739726,25.5790958904109,13.7654246575342,0.429620128770663,1.07769000085028,2205.85
"480",2018,"S_SIGNS_Lot_E",19.4654383561644,25.2934246575342,13.6374520547945,0.412904266953538,1.0547330683236,1916.16
"481",2019,"S_SIGNS_Lot_E",19.8359863013699,25.9006301369863,13.7713424657534,0.465265297025047,1.15554915993889,1424.99
"482",2020,"S_SIGNS_Lot_E",19.8364931506849,25.628301369863,14.0446849315068,0.412996819069817,1.05050212961428,1715.64
"483",2021,"S_SIGNS_Lot_E",19.3726712328767,25.1357260273972,13.6096164383562,0.403268319967327,1.02601591013788,2118.79
"484",2022,"S_SIGNS_Lot_E",19.1175753424658,25.2716712328767,12.9634794520548,0.450075219503763,1.1122330596812,1764.49
"485",2023,"S_SIGNS_Lot_E",19.965397260274,26.0196438356164,13.9111506849315,0.460425386113805,1.14696179777074,1372.35
"486",2017,"S_SIGNS_Mon_NLOU",18.3514109589041,24.1711780821918,12.5316438356164,0.421142130081492,1.03872358624455,1356.2
"487",2018,"S_SIGNS_Mon_NLOU",17.6385342465753,23.3633150684931,11.9137534246575,0.412329594638427,1.02594165547371,1834.75
"488",2019,"S_SIGNS_Mon_NLOU",17.8553835616438,23.6675890410959,12.0431780821918,0.430048758854779,1.05904262583153,1897.42
"489",2020,"S_SIGNS_Mon_NLOU",17.7993835616438,23.4369315068493,12.1618356164384,0.399078916932737,0.98913129567147,1934.24
"490",2021,"S_SIGNS_Mon_NLOU",17.7281095890411,23.584602739726,11.8716164383562,0.423500695919567,1.04101508433517,1436.14
"491",2022,"S_SIGNS_Mon_NLOU",17.67,24.0374520547945,11.3025479452055,0.47980475649184,1.14985818130048,1462.73
"492",2023,"S_SIGNS_Mon_NLOU",18.8382602739726,24.9105205479452,12.766,0.465552742418844,1.13942238119523,1469.39
"493",2014,"S_SIGNS_Oke_C",19.2835616438356,25.6281643835616,12.9389589041096,0.49748578896872,1.20132364605462,1593.58
"494",2015,"S_SIGNS_Oke_C",20.9014109589041,26.8752876712329,14.9275342465753,0.466798076240012,1.17379786847883,1299.33
"495",2016,"S_SIGNS_Oke_C",20.7756164383561,27.2396164383562,14.3116164383562,0.524743400614818,1.28089600682719,1157.71
"496",2017,"S_SIGNS_Oke_C",20.9511643835616,27.2454520547945,14.6568767123288,0.540144603328355,1.27764806436438,1336
"497",2018,"S_SIGNS_Oke_C",20.3495616438356,26.3101917808219,14.3889315068493,0.45085666380209,1.13381947657706,1673.07
"498",2019,"S_SIGNS_Oke_C",20.8969178082192,27.130794520548,14.6630410958904,0.512136712072392,1.2560767940373,1230.68
"499",2020,"S_SIGNS_Oke_C",21.1317260273973,27.0084383561644,15.2550136986301,0.430231814471994,1.11552800133801,1577.43
"500",2021,"S_SIGNS_Oke_C",20.2948630136986,26.3100547945206,14.2796712328767,0.457677098339476,1.13787925210767,1636.09
"501",2022,"S_SIGNS_Oke_C",20.4103835616438,26.8165753424657,14.0041917808219,0.510527010352394,1.2485132432483,1113.35
"502",2023,"S_SIGNS_Oke_C",21.0169589041096,27.1975616438356,14.8363561643836,0.485793396638194,1.21170372394638,1675.98
"503",2014,"S_SIGNS_Old_E",17.7718904109589,24.2901643835617,11.2536164383562,0.491091200342886,1.1636855813383,1683.29
"504",2015,"S_SIGNS_Old_E",19.3305890410959,25.442602739726,13.2185753424658,0.4661779907671,1.14153009415092,1710.68
"505",2016,"S_SIGNS_Old_E",19.3966301369863,25.9392602739726,12.854,0.508971750684093,1.22493102803238,1536.86
"506",2017,"S_SIGNS_Old_E",19.3382876712329,25.4869041095891,13.1896712328767,0.45944378988855,1.12574272147893,2000.18
"507",2018,"S_SIGNS_Old_E",19.2927671232877,25.2597260273973,13.3258082191781,0.432024338310422,1.08510752270346,1905.98
"508",2019,"S_SIGNS_Old_E",19.796301369863,26.1006301369863,13.4919726027397,0.501184517227549,1.2199785942759,1334.99
"509",2020,"S_SIGNS_Old_E",19.6855479452055,25.7153150684932,13.6557808219178,0.443367045498612,1.10364218767629,1727.1
"510",2021,"S_SIGNS_Old_E",19.2137808219178,25.2250958904109,13.2024657534247,0.43453159206987,1.08007950382374,2088.29
"511",2022,"S_SIGNS_Old_E",18.8346712328767,25.254794520548,12.4145479452055,0.484133417081529,1.16805360453824,1801.2
"512",2023,"S_SIGNS_Old_E",19.6322876712329,25.9855890410959,13.2789863013699,0.502316268294323,1.21439573620632,1409.11
"513",2016,"S_SIGNS_Pla_Ark",18.248397260274,24.7320273972603,11.7647671232877,0.49966744918989,1.18754413574426,1312.92
"514",2017,"S_SIGNS_Pla_Ark",18.0027397260274,24.4336712328767,11.5718082191781,0.504433751563527,1.17393999066874,1337.89
"515",2018,"S_SIGNS_Pla_Ark",17.3539452054794,23.5889863013699,11.118904109589,0.491422849205043,1.14705472930135,1764.04
"516",2019,"S_SIGNS_Pla_Ark",17.2967260273973,23.5023287671233,11.0911232876712,0.457451447939986,1.0987793908626,1543.38
"517",2020,"S_SIGNS_Pla_Ark",17.406904109589,23.3950684931507,11.4187397260274,0.429227268650888,1.03777866543817,2003.36
"518",2021,"S_SIGNS_Pla_Ark",17.5266849315068,23.8271232876712,11.2262465753425,0.469099823899319,1.12131902373227,1450.34
"519",2022,"S_SIGNS_Pla_Ark",17.6428219178082,24.6384657534246,10.6471780821918,0.590237101661308,1.33428914576842,1259.61
"520",2023,"S_SIGNS_Pla_Ark",18.127698630137,24.5490410958904,11.7063561643836,0.503297658572813,1.19463352750214,1733.29
"521",2016,"S_SIGNS_Pos_D",20.4677945205479,26.534602739726,14.4009863013699,0.467187085278252,1.16562558235976,1307.09
"522",2017,"S_SIGNS_Pos_D",20.7114794520548,26.6382465753425,14.7847123287671,0.462179345221016,1.14280360159789,1621.21
"523",2018,"S_SIGNS_Pos_D",20.174205479452,25.9227123287671,14.425698630137,0.406431154191603,1.05709975004638,1726.51
"524",2019,"S_SIGNS_Pos_D",20.9175205479452,26.6916712328767,15.1433698630137,0.448825943728174,1.13352007466749,1358.81
"525",2020,"S_SIGNS_Pos_D",20.950301369863,26.4567397260274,15.4438630136986,0.379881513429239,1.01676303654771,1446.4
"526",2021,"S_SIGNS_Pos_D",20.0995890410959,25.7737260273973,14.4254520547945,0.399980889422971,1.03193756987422,1464.21
"527",2022,"S_SIGNS_Pos_D",20.2540684931507,26.258602739726,14.2495342465753,0.447403024711082,1.13064714892178,1155.76
"528",2023,"S_SIGNS_Pos_D",20.7641369863014,26.6389315068493,14.8893424657534,0.437029239689058,1.11569072282952,1493.68
"529",2017,"S_SIGNS_Ros_NLOU",19.3284931506849,25.4577260273973,13.1992602739726,0.46111401789243,1.13110767888257,1254.08
"530",2018,"S_SIGNS_Ros_NLOU",18.842698630137,24.8944109589041,12.7909863013699,0.485384092418053,1.16090691021234,1808.75
"531",2019,"S_SIGNS_Ros_NLOU",18.8066438356164,24.9479178082192,12.6653698630137,0.464532430362986,1.14196411304274,1638.77
"532",2020,"S_SIGNS_Ros_NLOU",18.7716575342466,24.5995068493151,12.9438082191781,0.425800134807603,1.05609783889841,1981.42
"533",2021,"S_SIGNS_Ros_NLOU",18.5302739726027,24.4275068493151,12.6330410958904,0.431329652511587,1.06680624683759,1176.36
"534",2022,"S_SIGNS_Ros_NLOU",18.705095890411,25.3067397260274,12.1034520547945,0.520004089474444,1.24435322883115,1524.08
"535",2023,"S_SIGNS_Ros_NLOU",19.7082054794521,26.0919726027397,13.3244383561644,0.533738256357354,1.27574118206447,1238.54
"536",2016,"S_SIGNS_Sta_D",20.3942191780822,26.7665205479452,14.0219178082192,0.507051714061976,1.23996041540254,1228.36
"537",2017,"S_SIGNS_Sta_D",20.6744109589041,26.8981917808219,14.4506301369863,0.519562999102779,1.23778178024904,1533.77
"538",2018,"S_SIGNS_Sta_D",20.086698630137,26.0229041095891,14.1504931506849,0.435628878472419,1.10698007361967,2015.07
"539",2019,"S_SIGNS_Sta_D",20.7549315068493,26.8488767123288,14.6609863013699,0.48494484206325,1.20685973065458,1409.4
"540",2020,"S_SIGNS_Sta_D",20.8625616438356,26.5839178082192,15.1412054794521,0.407891293407336,1.06669335930734,1504.79
"541",2021,"S_SIGNS_Sta_D",19.9882465753425,25.911397260274,14.0650958904109,0.43537961866884,1.09441207602558,1601.49
"542",2022,"S_SIGNS_Sta_D",20.1725753424658,26.3743013698631,13.9708493150685,0.478308496209314,1.18459143935928,1259.62
"543",2023,"S_SIGNS_Sta_D",20.804794520548,26.841205479452,14.7683835616438,0.464647340321429,1.16501148074173,1627.23
"544",2016,"S_SIGNS_Wes_Ark",18.1182328767123,24.6270684931507,11.609397260274,0.500985241879761,1.18706624321542,1321.68
"545",2017,"S_SIGNS_Wes_Ark",17.8912876712329,24.3841643835616,11.3984109589041,0.508248067389198,1.18040698636963,1348.02
"546",2018,"S_SIGNS_Wes_Ark",17.2231232876712,23.5053424657534,10.940904109589,0.492912927665894,1.14855738608989,1825.78
"547",2019,"S_SIGNS_Wes_Ark",17.1485890410959,23.3971780821918,10.9,0.460415650377051,1.1009860933519,1629.56
"548",2020,"S_SIGNS_Wes_Ark",17.27,23.3172054794521,11.2227945205479,0.434903692874233,1.04557298589436,2040.77
"549",2021,"S_SIGNS_Wes_Ark",17.3874931506849,23.7482739726027,11.0267123287671,0.474953949164779,1.12923910038554,1449.57
"550",2022,"S_SIGNS_Wes_Ark",17.5245342465753,24.6068493150685,10.4422191780822,0.588821215259372,1.3389067635927,1291.89
"551",2023,"S_SIGNS_Wes_Ark",17.9615342465754,24.4546575342466,11.4684109589041,0.510575421207827,1.20438387970036,1653.78
"552",2013,"SS_PS_Pal_G8",21.2335479452055,26.8289863013699,15.6381095890411,0.414680008414752,1.0640841070412,1453.67
"553",2014,"SS_PS_Pal_G8",20.6160684931507,26.2256438356164,15.0064931506849,0.402803352185991,1.04771273766248,1601.48
"554",2015,"SS_PS_Pal_G8",22.4162054794521,27.6521643835616,17.1802465753425,0.361189854159669,1.01165317614225,1386.63
"555",2016,"SS_PS_Pal_G8",21.9515205479452,27.6551780821918,16.2478630136986,0.429560010418411,1.12756399474505,1264.59
"556",2017,"SS_PS_Pal_G8",22.2072876712329,27.798,16.6165753424657,0.444558140593632,1.1228348554344,1909.45
"557",2018,"SS_PS_Pal_G8",21.752397260274,26.9768493150685,16.5279452054795,0.342681151132775,0.968571996858035,1802.27
"558",2019,"SS_PS_Pal_G8",22.5773150684931,27.9448493150685,17.2097808219178,0.375206615952996,1.04566147632563,1251.99
"559",2020,"SS_PS_Pal_G8",22.4233561643836,27.8982739726028,16.9484383561644,0.469716260053793,1.14285694532482,1365.15
"560",2021,"SS_PS_Pal_G8",21.7386301369863,27.3023287671233,16.1749315068493,0.395437927453443,1.0590848294185,1561.54
"561",2022,"SS_PS_Pal_G8",21.980095890411,27.571698630137,16.3884931506849,0.422582979570391,1.10512489119789,1423.38
"562",2023,"SS_PS_Pal_G8",22.4679178082192,28.0475342465753,16.888301369863,0.404875301214291,1.09608355238633,1581.56
"563",2009,"Var_1_Sta_N",20.5849041095891,26.6518082191781,14.518,0.450754685408344,1.14170921684215,1587.42
"564",2010,"Var_1_Sta_N",19.4892876712329,26.0581917808219,12.9203835616438,0.506628934521994,1.22877169409292,1181.74
"565",2011,"Var_1_Sta_N",20.9018493150685,27.6973698630137,14.1063287671233,0.624533089211385,1.42807401875136,1408.65
"566",2012,"Var_1_Sta_N",21.0713835616438,27.2968767123288,14.8458904109589,0.496029712796024,1.2154331310644,1917.82
"567",2013,"Var_1_Sta_N",20.9498219178082,26.8816712328767,15.0179726027397,0.440673345922319,1.12310862369112,1398.05
"568",2014,"Var_1_Sta_N",20.2221506849315,26.2798082191781,14.1644931506849,0.459848775957515,1.14612165813782,1553.09
"569",2015,"Var_1_Sta_N",22.0340821917808,27.6527123287671,16.4154520547945,0.423475609330545,1.11185493392064,1631.59
"570",2016,"Var_1_Sta_N",21.5442191780822,27.7182191780822,15.3702191780822,0.498255027960713,1.24007046796444,1205.98
"571",2017,"Var_1_Sta_N",21.7883835616438,27.8649315068493,15.7118356164383,0.520239629726087,1.24887060688966,1845.55
"572",2018,"Var_1_Sta_N",21.2386575342466,26.9675890410959,15.5097260273972,0.412431077301543,1.08596135850704,1706.13
"573",2019,"Var_1_Sta_N",21.9038219178082,27.7626301369863,16.0450136986301,0.457796679947713,1.17453067601741,1268.27
"574",2020,"Var_1_Sta_N",21.7134383561644,27.5060821917808,15.9207945205479,0.46920322887797,1.15904377696372,1355.03
"575",2021,"Var_1_Sta_N",20.9983424657534,26.9468767123288,15.0498082191781,0.454034688963863,1.14138646454218,1529.25
"576",2022,"Var_1_Sta_N",21.3227671232877,27.4333698630137,15.2121643835616,0.479204703409071,1.20789831769253,1603.95
"577",2023,"Var_1_Sta_N",21.8615479452055,27.9232328767123,15.7998630136986,0.475244958726355,1.21055432670495,1499.54
"578",2010,"Var_2_Mil_N",19.5532054794521,26.3228767123288,12.7835342465753,0.528379644324475,1.27196539704297,1148.66
"579",2011,"Var_2_Mil_N",20.9971369863014,27.9621369863014,14.0321369863014,0.624220529613617,1.44914543526221,1122.29
"580",2012,"Var_2_Mil_N",21.1213561643836,27.5810410958904,14.6616712328767,0.534315405018873,1.28218704920091,1539.66
"581",2013,"Var_2_Mil_N",20.8925890410959,27.1144657534247,14.6707123287671,0.483433342266107,1.19650756397252,1286.76
"582",2014,"Var_2_Mil_N",20.1552602739726,26.4473424657534,13.8631780821918,0.485927956222145,1.19434525236614,1673.71
"583",2015,"Var_2_Mil_N",22.0490684931507,27.8970136986302,16.2011232876712,0.451990031938529,1.16645231509418,1614.87
"584",2016,"Var_2_Mil_N",21.5052191780822,27.9190684931507,15.0913698630137,0.522528706607745,1.2869870497448,1226.08
"585",2017,"Var_2_Mil_N",21.6167397260274,28.0150410958904,15.2184383561644,0.556862976600458,1.31786719967293,1694
"586",2018,"Var_2_Mil_N",21.2792191780822,27.2312328767123,15.3272054794521,0.439229814119247,1.13743123414328,1942.59
"587",2019,"Var_2_Mil_N",21.8104931506849,27.9330410958904,15.6879452054795,0.501757010665505,1.24653463808164,1499.6
"588",2020,"Var_2_Mil_N",21.642698630137,27.6953698630137,15.5900273972603,0.485048437565799,1.20134750389699,1288.03
"589",2021,"Var_2_Mil_N",21.0742054794521,27.1150136986301,15.033397260274,0.458790533622517,1.15695788392176,1768.9
"590",2022,"Var_2_Mil_N",21.267698630137,27.6316712328767,14.9037260273973,0.513466700101712,1.26957593007605,1564.97
"591",2023,"Var_2_Mil_N",21.8165890410959,28.0874794520548,15.545698630137,0.509433840848993,1.26759183471835,1501.87
"592",2006,"WG_CCLONES3_Eto",19.5966438356164,26.0241643835616,13.1691232876712,0.52447069299591,1.2506652524538,1411.14
"593",2007,"WG_CCLONES3_Eto",19.3041506849315,25.2906301369863,13.3176712328767,0.445722732160476,1.10947118820575,1324.82
"594",2008,"WG_CCLONES3_Eto",19.0955616438356,25.5728493150685,12.6182739726027,0.52919350157383,1.23445817892839,1171.96
"595",2009,"WG_CCLONES3_Eto",19.2841369863014,25.3716164383562,13.1966575342466,0.469309272742944,1.15174400827778,1519.39
"596",2010,"WG_CCLONES3_Eto",19.2662876712329,25.7404931506849,12.7920821917808,0.545582166259721,1.28476454797827,827.79
"597",2011,"WG_CCLONES3_Eto",20.1281095890411,27.0760821917808,13.1801369863014,0.749070053634833,1.59688987516963,927.44
"598",2012,"WG_CCLONES3_Eto",20.4269315068493,26.7182739726028,14.1355890410959,0.501024628309365,1.2327293485236,1535.46
"599",2013,"WG_CCLONES3_Eto",18.9930273972603,25.2639726027397,12.7220821917808,0.534398830454013,1.23653582057918,1283.22
"600",2014,"WG_CCLONES3_Eto",18.3191369863014,24.1601095890411,12.4781643835616,0.417897614632243,1.0402750767468,1266.06
"601",2015,"WG_CCLONES3_Eto",19.7349589041096,25.6403561643836,13.8295616438356,0.50088961715566,1.18682593623394,1889.62
"602",2016,"WG_CCLONES3_Eto",20.199095890411,26.3071232876712,14.0910684931507,0.459801583347004,1.15234609472474,1496.1
"603",2017,"WG_CCLONES3_Eto",20.2377534246576,26.1404109589041,14.335095890411,0.436370075510931,1.10357495151101,1600.15
"604",2018,"WG_CCLONES3_Eto",19.6163150684931,25.6643287671233,13.568301369863,0.476739782903213,1.16748103748437,1910.14
"605",2019,"WG_CCLONES3_Eto",19.467698630137,25.4980821917809,13.4373150684931,0.448943314668009,1.12194614198711,1541.64
"606",2020,"WG_CCLONES3_Eto",19.8051232876712,25.6956712328767,13.9145753424658,0.434112484902438,1.09342107874157,1407.74
"607",2021,"WG_CCLONES3_Eto",19.7285205479452,25.6788493150685,13.7781917808219,0.441433938863476,1.11064280087995,1429.43
"608",2022,"WG_CCLONES3_Eto",19.6643287671233,26.318,13.0106575342466,0.581049080921605,1.34544798835725,1217.31
"609",2023,"WG_CCLONES3_Eto",20.6146849315069,27.0003561643836,14.2290136986301,0.69875822819026,1.47844817510445,1071.66
"610",2006,"WG_CCLONES3_Jes_B",19.480794520548,26.4261917808219,12.535397260274,0.61491832968539,1.38463929935609,1085.92
"611",2007,"WG_CCLONES3_Jes_B",19.5412328767123,26.2764109589041,12.8060547945206,0.618986284213746,1.35783025854651,1217.99
"612",2008,"WG_CCLONES3_Jes_B",18.9125616438356,25.6129315068493,12.2121917808219,0.527043499600948,1.23693956394615,1341.72
"613",2009,"WG_CCLONES3_Jes_B",18.9972191780822,25.3686575342466,12.6257808219178,0.481756921558125,1.1658719883033,1287.45
"614",2010,"WG_CCLONES3_Jes_B",18.4224657534247,25.4064931506849,11.4384383561644,0.557765181509222,1.30703940591984,1102.18
"615",2011,"WG_CCLONES3_Jes_B",19.5087123287671,26.7847123287671,12.2327123287671,0.653402379921153,1.47591795039926,1108.27
"616",2012,"WG_CCLONES3_Jes_B",19.9645205479452,26.5003835616438,13.4286575342466,0.517741999629896,1.24587658968431,1292.17
"617",2013,"WG_CCLONES3_Jes_B",19.2213150684932,25.4475068493151,12.9951232876712,0.462074477743942,1.12829921539877,1639.27
"618",2014,"WG_CCLONES3_Jes_B",18.8400547945205,25.3727123287671,12.307397260274,0.512020985927774,1.22164187637283,1532.85
"619",2015,"WG_CCLONES3_Jes_B",20.426205479452,26.3470410958904,14.5053698630137,0.447848808016808,1.13374759017441,1409.84
"620",2016,"WG_CCLONES3_Jes_B",20.2584246575343,26.6391506849315,13.877698630137,0.507154498380544,1.2382502125782,1311.95
"621",2017,"WG_CCLONES3_Jes_B",20.5435616438356,26.7675342465753,14.3195890410959,0.512089304867176,1.225657559845,1483.85
"622",2018,"WG_CCLONES3_Jes_B",20.0616301369863,26.0064931506849,14.1167671232877,0.439487689323311,1.11240218983081,1600.9
"623",2019,"WG_CCLONES3_Jes_B",20.787,26.8220547945206,14.7519452054794,0.493214507794767,1.2097100464103,1296.55
"624",2020,"WG_CCLONES3_Jes_B",20.7667808219178,26.4890136986301,15.0445479452055,0.409803204799496,1.0684794311984,1368.92
"625",2021,"WG_CCLONES3_Jes_B",19.9241506849315,25.823095890411,14.025205479452,0.430683418591706,1.08508540205284,1460.18
"626",2022,"WG_CCLONES3_Jes_B",20.1292465753425,26.368301369863,13.8901917808219,0.486922859287363,1.19576479228734,1121.8
"627",2023,"WG_CCLONES3_Jes_B",20.6286438356165,26.6833698630137,14.5739178082192,0.463045489108675,1.15996810205293,1497.76
"628",2006,"WG_CCLONES3_Sau_B",20.0865342465754,26.217397260274,13.9556712328767,0.511399461343429,1.20279527519522,1427.56
"629",2007,"WG_CCLONES3_Sau_B",19.8201917808219,25.7034246575342,13.9369589041096,0.433986591085311,1.09283375878224,1492.56
"630",2008,"WG_CCLONES3_Sau_B",19.2820684931507,25.1696712328767,13.3944657534246,0.416123527508912,1.04519095793498,1441.53
"631",2009,"WG_CCLONES3_Sau_B",19.7295068493151,25.5164931506849,13.9425205479452,0.408285097904602,1.04961238512868,2111.58
"632",2010,"WG_CCLONES3_Sau_B",18.9680410958904,25.1123835616439,12.823698630137,0.438719074581599,1.101251974475,1659.18
"633",2011,"WG_CCLONES3_Sau_B",19.6033287671233,25.7798356164383,13.4268219178082,0.606981500098191,1.2964752331191,1345.6
"634",2012,"WG_CCLONES3_Sau_B",20.2551506849315,25.9740821917808,14.5362191780822,0.408727830314863,1.04920924882598,2173.72
"635",2013,"WG_CCLONES3_Sau_B",19.1692054794521,24.5745753424658,13.7638356164384,0.347476581895161,0.921800527016998,1848.21
"636",2014,"WG_CCLONES3_Sau_B",18.8003287671233,24.5638904109589,13.0367671232877,0.389952343810448,0.999053023655928,1865.71
"637",2015,"WG_CCLONES3_Sau_B",20.2856712328767,25.7751780821918,14.7961643835617,0.376606491127306,0.998880436013206,1972.54
"638",2016,"WG_CCLONES3_Sau_B",20.253602739726,25.9084109589041,14.5987945205479,0.389970356795181,1.02269932042105,2018.68
"639",2017,"WG_CCLONES3_Sau_B",20.2270136986301,25.7051232876713,14.748904109589,0.370693166454867,0.980138436604776,2550.02
"640",2018,"WG_CCLONES3_Sau_B",20.1484383561644,25.6536438356164,14.6432328767123,0.370066836699992,0.993927710405985,2318.52
"641",2019,"WG_CCLONES3_Sau_B",20.2273698630137,25.8334246575342,14.6213150684931,0.394840306743437,1.0335658326217,1795.41
"642",2020,"WG_CCLONES3_Sau_B",20.7153698630137,26.1247123287671,15.3060273972603,0.370108834134763,0.981072100995999,1740.45
"643",2021,"WG_CCLONES3_Sau_B",20.0109726027397,25.355698630137,14.6662465753425,0.349925697853421,0.939967096672946,2817.76
"644",2022,"WG_CCLONES3_Sau_B",20.0299726027397,25.933698630137,14.1262465753425,0.422065720076335,1.08455236016861,1955.94
"645",2023,"WG_CCLONES3_Sau_B",21.2050547945205,27.0001369863014,15.4099726027397,0.435024477886317,1.13319720304335,1397.29
"646",2001,"WG_PPINE_Bog_A",19.115904109589,25.3552328767123,12.8765753424658,0.461108543238354,1.12709404226094,1868.58
"647",2002,"WG_PPINE_Bog_A",19.2648219178082,25.3096164383562,13.2200273972603,0.436250572976412,1.09019434131509,2021.49
"648",2003,"WG_PPINE_Bog_A",18.9366301369863,25.0530684931507,12.8201917808219,0.44256002681016,1.09432286052523,1696.57
"649",2004,"WG_PPINE_Bog_A",19.2632602739726,25.3231506849315,13.2033698630137,0.44883514270248,1.10961280774747,1710.64
"650",2005,"WG_PPINE_Bog_A",19.4953287671233,25.8735068493151,13.1171506849315,0.498307367685118,1.20723649750923,1392.88
"651",2006,"WG_PPINE_Bog_A",19.8442739726027,26.4407945205479,13.2477534246575,0.53647704879044,1.27996745105273,1312.55
"652",2007,"WG_PPINE_Bog_A",19.5858082191781,25.7752602739726,13.3963561643836,0.476111656442781,1.16787023404721,1301.39
"653",2008,"WG_PPINE_Bog_A",19.0974657534247,25.3998082191781,12.7951232876712,0.472477647975615,1.14922487625159,1556.31
"654",2009,"WG_PPINE_Bog_A",19.4945205479452,25.563397260274,13.4256438356164,0.456818206101483,1.13100768462716,1758.38
"655",2010,"WG_PPINE_Bog_A",18.8262328767123,25.1163287671233,12.5361369863014,0.467442001622797,1.14985867006431,1325.37
"656",2011,"WG_PPINE_Bog_A",19.6195753424657,26.101397260274,13.1377534246575,0.542346099179999,1.27598845037217,1349.26
"657",2012,"WG_PPINE_Bog_A",20.2807123287671,26.2907671232877,14.2706575342466,0.45450081701543,1.13713974433275,2145.47
"658",2013,"WG_PPINE_Bog_A",19.0504657534246,24.8302465753425,13.2706849315068,0.404579322904632,1.02639888076494,2037.55
"659",2014,"WG_PPINE_Bog_A",18.5841780821918,24.7056438356165,12.4627123287671,0.445420494593369,1.09526277684492,1693.29
"660",2015,"WG_PPINE_Bog_A",20.3416301369863,26.0969863013699,14.5862739726027,0.424880673791924,1.08986509064281,1886.45
"661",2016,"WG_PPINE_Bog_A",20.3494246575343,26.3722739726027,14.3265753424658,0.444746826200493,1.12698194124719,1673.96
"662",2017,"WG_PPINE_Bog_A",20.2470821917808,26.0750136986302,14.4191506849315,0.423243877490383,1.07790992215069,2038.12
"663",2018,"WG_PPINE_Bog_A",20.0808493150685,25.8738630136986,14.2878356164384,0.415949311331735,1.07803258417907,2180.07
"664",2019,"WG_PPINE_Bog_A",20.1446849315069,25.9492328767123,14.3401369863014,0.426423339244361,1.09090163465191,1885.43
"665",2020,"WG_PPINE_Bog_A",20.4248219178082,25.9721095890411,14.8775342465753,0.383956505896666,1.00843759204613,1793.8
"666",2021,"WG_PPINE_Bog_A",19.9886301369863,25.4761917808219,14.5010684931507,0.370689205152678,0.982235545122961,2280.9
"667",2022,"WG_PPINE_Bog_A",20.0361095890411,26.2051232876712,13.867095890411,0.459716888686439,1.15634559695302,1828.91
"668",2023,"WG_PPINE_Bog_A",21.1932328767123,27.348301369863,15.0381643835616,0.494855307261938,1.24646795972755,1292.8
"669",2002,"WG_PPINE_DeR_A",19.2504109589041,25.0635068493151,13.4373150684931,0.417727082780977,1.05187913110944,1935.9
"670",2003,"WG_PPINE_DeR_A",19.1755753424658,25.2030684931507,13.1480821917808,0.45577765928511,1.11899826500052,1486.89
"671",2004,"WG_PPINE_DeR_A",19.6531917808219,25.3995068493151,13.9068767123288,0.422141543991116,1.06668674489518,2097.59
"672",2005,"WG_PPINE_DeR_A",19.8712465753425,26.1266575342466,13.6158356164383,0.517371192025472,1.24679819843924,1283.82
"673",2006,"WG_PPINE_DeR_A",19.9043287671233,26.0139726027397,13.7946849315068,0.466541688268232,1.1560246751126,1946.85
"674",2007,"WG_PPINE_DeR_A",19.7061232876712,25.4139452054795,13.998301369863,0.410662600892084,1.05115696949824,1782.96
"675",2008,"WG_PPINE_DeR_A",19.4688493150685,25.6362739726028,13.3014246575342,0.464014223917179,1.14223592624242,1471.2
"676",2009,"WG_PPINE_DeR_A",19.4090410958904,25.2801095890411,13.5379726027397,0.435363894738698,1.09188059417992,1651.17
"677",2010,"WG_PPINE_DeR_A",19.533095890411,25.6569589041096,13.4092328767123,0.494158617334998,1.1947320778646,1047.27
"678",2011,"WG_PPINE_DeR_A",20.2479726027397,26.6656438356164,13.830301369863,0.572390625151768,1.33937815462253,973.52
"679",2012,"WG_PPINE_DeR_A",20.7145342465753,26.6139178082192,14.8151506849315,0.445952043724308,1.13342590095659,1748.44
"680",2013,"WG_PPINE_DeR_A",19.2997260273973,25.2415068493151,13.3579452054794,0.459975909823824,1.13087787591264,1530.85
"681",2014,"WG_PPINE_DeR_A",18.5184931506849,24.2956438356165,12.7413424657534,0.408965127094692,1.02648972584642,1645.83
"682",2015,"WG_PPINE_DeR_A",20.0971780821918,25.8171780821918,14.3771780821918,0.434453840771993,1.10239386414073,1864
"683",2016,"WG_PPINE_DeR_A",20.4846575342466,26.3217534246575,14.6475616438356,0.428749636731079,1.10014356696076,1623.21
"684",2017,"WG_PPINE_DeR_A",20.5814109589041,26.2252876712329,14.9375342465754,0.406504801907074,1.05307207357262,2033.97
"685",2018,"WG_PPINE_DeR_A",20.0472876712329,25.7523835616438,14.3421917808219,0.419687359174026,1.08070567079071,1975.58
"686",2019,"WG_PPINE_DeR_A",19.9428904109589,25.7779726027397,14.1078082191781,0.430918435245634,1.09542145062157,1962.27
"687",2020,"WG_PPINE_DeR_A",20.3142191780822,26.0090684931507,14.6193698630137,0.411628789406555,1.06439998330001,1961.21
"688",2021,"WG_PPINE_DeR_A",20.0467397260274,25.7102191780822,14.3832602739726,0.403713516257626,1.04480108024495,1889.63
"689",2022,"WG_PPINE_DeR_A",20.0173835616438,26.4256438356164,13.6091232876712,0.510736938652015,1.24860236563958,1358.32
"690",2023,"WG_PPINE_DeR_A",21.2491095890411,27.5599452054794,14.9382739726027,0.63830032283517,1.42879946087725,1044.08
"691",2001,"WG_PPINE_Kir",19.463794520548,25.3989315068493,13.5286575342466,0.441848753764402,1.09852528866857,1891.25
"692",2002,"WG_PPINE_Kir",19.4455342465753,25.2743561643836,13.6167123287671,0.435232461855427,1.07585254513141,1820.39
"693",2003,"WG_PPINE_Kir",19.4186438356164,25.4329589041096,13.4043287671233,0.500473155895514,1.16894908626273,1372.36
"694",2004,"WG_PPINE_Kir",19.9279315068493,25.5215342465754,14.3343287671233,0.406293161300083,1.04487549878563,2053.16
"695",2005,"WG_PPINE_Kir",20.068301369863,26.2929315068493,13.8436712328767,0.535906585887755,1.2668157750151,1267.45
"696",2006,"WG_PPINE_Kir",20.1863698630137,26.3854246575342,13.9873150684931,0.479130908822752,1.18545821763568,2020.96
"697",2007,"WG_PPINE_Kir",19.9228082191781,25.7367671232877,14.1088493150685,0.424381746582791,1.08286095265468,1519.12
"698",2008,"WG_PPINE_Kir",19.6924931506849,25.9648767123288,13.4201095890411,0.481556859822998,1.17884173808965,1461.35
"699",2009,"WG_PPINE_Kir",19.7212191780822,25.7115068493151,13.7309315068493,0.450794476181246,1.1281771336113,1541.23
"700",2010,"WG_PPINE_Kir",19.5282876712329,25.8756438356164,13.1809315068493,0.571554191911132,1.29408793093799,974.62
"701",2011,"WG_PPINE_Kir",20.2959452054795,27.1030410958904,13.4888493150685,0.700530978934185,1.51394066157106,938.2
"702",2012,"WG_PPINE_Kir",20.7604109589041,26.9420547945206,14.5787671232877,0.482196449603789,1.20168279850558,1512.92
"703",2013,"WG_PPINE_Kir",19.4356301369863,25.6068767123288,13.2643835616438,0.479326660932866,1.17535114014906,1533.79
"704",2014,"WG_PPINE_Kir",18.8450684931507,24.7628767123287,12.9272602739726,0.429663871963728,1.07061119041341,1423.33
"705",2015,"WG_PPINE_Kir",20.3024246575343,26.1010410958904,14.5038082191781,0.445693378366019,1.12731345129195,2176.2
"706",2016,"WG_PPINE_Kir",20.8611780821918,26.7817808219178,14.9405753424657,0.439785078471109,1.13008472977601,1955.8
"707",2017,"WG_PPINE_Kir",20.7381506849315,26.4478904109589,15.0284109589041,0.416281570119308,1.07116950977658,2168.73
"708",2018,"WG_PPINE_Kir",20.2060136986301,25.8277534246575,14.5842739726027,0.407015977713151,1.05774940694286,2117.3
"709",2019,"WG_PPINE_Kir",20.1344109589041,25.8289863013699,14.4398356164384,0.410136516026248,1.06076031218675,1989.24
"710",2020,"WG_PPINE_Kir",20.5445342465753,26.2024657534246,14.886602739726,0.405429993166822,1.05732111705796,1742.94
"711",2021,"WG_PPINE_Kir",20.2256438356164,25.9064657534246,14.5448219178082,0.406848175091591,1.05207101825571,1663.94
"712",2022,"WG_PPINE_Kir",20.1181917808219,26.5467123287671,13.6896712328767,0.510245539088907,1.25268305345171,1253.5
"713",2023,"WG_PPINE_Kir",21.408397260274,27.7415068493151,15.0752876712329,0.708990076511161,1.50655136929196,1019.6
